ID,Fecha,Semana,Proyecto,Modelo,Website Leads,Showroom Visits,Modelo Tipo,Separaciones,Price,Inventario restante,Ventas,Conversión Separaciones (%),Conversión Ventas (%),Inventario Disponible,Precio Promedio del Proyecto-Modelo
01/01/2024CBR-BR2,01/01/2024,1,CBR,BR2,0,0,Normal,0,0,0,NO,0,,,
01/01/2024CBR-COR3,01/01/2024,1,CBR,COR3,28,1,Normal,0,0,0,NO,0,,,
01/01/2024CBR-VIS2,01/01/2024,1,CBR,VIS2,50,7,Normal,3,"2,550,000.00",0,SI,0.428571429,,,
01/01/2024ALS-IB-3N,01/01/2024,1,ALS,IB-3N,20,0,Normal,0,0,0,NO,0,,,
01/01/2024ALS-IB-6,01/01/2024,1,ALS,IB-6,34,6,Normal,1,"2,760,000.00",0,SI,,,,
01/01/2024MTA-ATT2,01/01/2024,1,MTA,ATT2,14,1,Normal,0,0,0,NO,,,,
01/01/2024NOV-AMA,01/01/2024,1,NOV,AMA,10,3,Normal,0,0,0,NO,,,,
01/01/2024NOV-AMD,01/01/2024,1,NOV,AMD,25,6,Normal,0,0,0,NO,,,,
01/01/2024RAL-L-TS3,01/01/2024,1,RAL,L-TS3,25,5,Normal,1,"1,470,000.00",0,SI,,,,
01/01/2024RAL-L-VAL,01/01/2024,1,RAL,L-VAL,27,5,Normal,0,0,0,NO,,,,
01/01/2024LFA-CU-8,01/01/2024,1,LFA,CU-8,45,6,Normal,4,"1,020,000.00",0,SI,,,,
01/01/2024LFA-K7,01/01/2024,1,LFA,K7,0,2,Normal,0,0,0,NO,,,,
01/01/2024LFA-MS8,01/01/2024,1,LFA,MS8,10,3,Normal,0,0,0,NO,,,,
01/01/2024LFA-K3-7,01/01/2024,1,LFA,K3-7,15,8,Normal,0,0,0,NO,,,,
01/01/2024SPA-K3-7,01/01/2024,1,SPA,K3-7,58,8,Normal,5,"1,170,000.00",0,SI,,,,
01/01/2024SPA-K7,01/01/2024,1,SPA,K7,10,4,Normal,1,"1,340,000.00",0,SI,,,,
01/01/2024SPA-CU-8,01/01/2024,1,SPA,CU-8,0,0,Normal,0,0,0,NO,,,,
01/01/2024SPA-PRO2,01/01/2024,1,SPA,PRO2,0,0,Normal,0,0,0,NO,,,,
01/01/2024STA-AL8,01/01/2024,1,STA,AL8,86,5,Normal,3,"600,000.00",0,SI,,,,
01/01/2024STA-LI3,01/01/2024,1,STA,LI3,148,11,Normal,1,"570,000.00",0,SI,,,,
01/01/2024STA-MS-7,01/01/2024,1,STA,MS-7,0,0,Normal,0,0,0,NO,,,,
08/01/2024CBR-BR2,08/01/2024,2,CBR,BR2,3,1,Normal,1,"2,700,000.00",0,SI,,,,
08/01/2024CBR-COR3,08/01/2024,2,CBR,COR3,32,5,Normal,0,0,0,NO,,,,
08/01/2024CBR-VIS2,08/01/2024,2,CBR,VIS2,54,7,Normal,1,"2,550,000.00",0,SI,,,,
08/01/2024ALS-IB-3N,08/01/2024,2,ALS,IB-3N,20,0,Normal,0,0,0,NO,,,,
08/01/2024ALS-IB-6,08/01/2024,2,ALS,IB-6,36,8,Normal,0,0,0,NO,,,,
08/01/2024MTA-ATT2,08/01/2024,2,MTA,ATT2,9,1,Normal,0,0,0,NO,,,,
08/01/2024NOV-AMA,08/01/2024,2,NOV,AMA,20,3,Normal,0,0,0,NO,,,,
08/01/2024NOV-AMD,08/01/2024,2,NOV,AMD,20,4,Normal,0,0,0,NO,,,,
08/01/2024RAL-L-TS3,08/01/2024,2,RAL,L-TS3,30,11,Normal,1,"1,470,000.00",0,SI,,,,
08/01/2024RAL-L-VAL,08/01/2024,2,RAL,L-VAL,19,3,Normal,0,0,0,NO,,,,
08/01/2024LFA-CU-8,08/01/2024,2,LFA,CU-8,30,11,Normal,6,"1,020,000.00",0,SI,,,,
08/01/2024LFA-K7,08/01/2024,2,LFA,K7,0,1,Normal,0,0,0,NO,,,,
08/01/2024LFA-MS8,08/01/2024,2,LFA,MS8,0,2,Normal,0,0,0,NO,,,,
08/01/2024LFA-K3-7,08/01/2024,2,LFA,K3-7,55,10,Normal,5,"1,160,000.00",0,SI,,,,
08/01/2024SPA-K3-7,08/01/2024,2,SPA,K3-7,65,2,Normal,1,"1,170,000.00",0,SI,,,,
08/01/2024SPA-K7,08/01/2024,2,SPA,K7,12,2,Normal,1,"1,340,000.00",0,SI,,,,
08/01/2024SPA-CU-8,08/01/2024,2,SPA,CU-8,0,0,Normal,0,0,0,NO,,,,
08/01/2024SPA-PRO2,08/01/2024,2,SPA,PRO2,0,0,Normal,0,0,0,NO,,,,
08/01/2024STA-AL8,08/01/2024,2,STA,AL8,60,7,Normal,3,"600,000.00",0,SI,,,,
08/01/2024STA-LI3,08/01/2024,2,STA,LI3,120,16,Normal,6,"570,000.00",0,SI,,,,
08/01/2024STA-MS-7,08/01/2024,2,STA,MS-7,17,2,Normal,0,0,0,NO,,,,
15/01/2024CBR-BR2,15/01/2024,3,CBR,BR2,0,0,Normal,0,0,0,NO,,,,
15/01/2024CBR-COR3,15/01/2024,3,CBR,COR3,60,8,Normal,1,"2,420,000.00",0,SI,,,,
15/01/2024CBR-VIS2,15/01/2024,3,CBR,VIS2,20,0,Normal,0,0,0,NO,,,,
15/01/2024ALS-IB-3N,15/01/2024,3,ALS,IB-3N,20,0,Normal,0,0,0,NO,,,,
15/01/2024ALS-IB-6,15/01/2024,3,ALS,IB-6,29,9,Normal,3,"2,760,000.00",0,SI,,,,
15/01/2024MTA-ATT2,15/01/2024,3,MTA,ATT2,65,1,Normal,0,0,0,NO,,,,
15/01/2024NOV-AMA,15/01/2024,3,NOV,AMA,6,1,Normal,0,0,0,NO,,,,
15/01/2024NOV-AMD,15/01/2024,3,NOV,AMD,18,5,Normal,0,0,0,NO,,,,
15/01/2024RAL-L-TS3,15/01/2024,3,RAL,L-TS3,25,3,Normal,2,"1,470,000.00",0,SI,,,,
15/01/2024RAL-L-VAL,15/01/2024,3,RAL,L-VAL,15,1,Normal,0,0,0,NO,,,,
15/01/2024LFA-CU-8,15/01/2024,3,LFA,CU-8,10,8,Normal,2,"1,020,000.00",0,SI,,,,
15/01/2024LFA-K7,15/01/2024,3,LFA,K7,0,0,Normal,0,0,0,NO,,,,
15/01/2024LFA-MS8,15/01/2024,3,LFA,MS8,0,2,Normal,0,0,0,NO,,,,
15/01/2024LFA-K3-7,15/01/2024,3,LFA,K3-7,63,12,Normal,5,"1,160,000.00",0,SI,,,,
15/01/2024SPA-K3-7,15/01/2024,3,SPA,K3-7,33,3,Normal,0,0,0,NO,,,,
15/01/2024SPA-K7,15/01/2024,3,SPA,K7,12,3,Normal,1,"1,340,000.00",0,SI,,,,
15/01/2024SPA-CU-8,15/01/2024,3,SPA,CU-8,2,1,Normal,0,0,0,NO,,,,
15/01/2024SPA-PRO2,15/01/2024,3,SPA,PRO2,0,0,Normal,0,0,0,NO,,,,
15/01/2024STA-AL8,15/01/2024,3,STA,AL8,21,4,Normal,1,"600,000.00",0,SI,,,,
15/01/2024STA-LI3,15/01/2024,3,STA,LI3,110,17,Normal,11,"570,000.00",0,SI,,,,
15/01/2024STA-MS-7,15/01/2024,3,STA,MS-7,0,0,Normal,0,0,0,NO,,,,
22/01/2024CBR-BR2,22/01/2024,4,CBR,BR2,0,0,Normal,0,0,0,NO,,,,
22/01/2024CBR-COR3,22/01/2024,4,CBR,COR3,70,10,Normal,0,0,0,NO,,,,
22/01/2024CBR-VIS2,22/01/2024,4,CBR,VIS2,20,1,Normal,1,"2,550,000.00",0,SI,,,,
22/01/2024ALS-IB-3N,22/01/2024,4,ALS,IB-3N,20,1,Normal,1,"3,200,000.00",0,SI,,,,
22/01/2024ALS-IB-6,22/01/2024,4,ALS,IB-6,28,11,Normal,3,"2,760,000.00",0,SI,,,,
22/01/2024MTA-ATT2,22/01/2024,4,MTA,ATT2,21,0,Normal,0,0,0,NO,,,,
22/01/2024NOV-AMA,22/01/2024,4,NOV,AMA,10,2,Normal,1,"4,025,000.00",0,SI,,,,
22/01/2024NOV-AMD,22/01/2024,4,NOV,AMD,22,4,Normal,1,"4,160,000.00",0,SI,,,,
22/01/2024RAL-L-TS3,22/01/2024,4,RAL,L-TS3,46,4,Normal,2,"1,470,000.00",0,SI,,,,
22/01/2024RAL-L-VAL,22/01/2024,4,RAL,L-VAL,20,2,Normal,0,0,0,NO,,,,
22/01/2024LFA-CU-8,22/01/2024,4,LFA,CU-8,22,9,Normal,5,"1,020,000.00",0,SI,,,,
22/01/2024LFA-K7,22/01/2024,4,LFA,K7,0,0,Normal,0,0,0,NO,,,,
22/01/2024LFA-MS8,22/01/2024,4,LFA,MS8,5,2,Normal,0,0,0,NO,,,,
22/01/2024LFA-K3-7,22/01/2024,4,LFA,K3-7,67,7,Normal,3,"1,160,000.00",0,SI,,,,
22/01/2024SPA-K3-7,22/01/2024,4,SPA,K3-7,63,4,Normal,2,"1,170,000.00",0,SI,,,,
22/01/2024SPA-K7,22/01/2024,4,SPA,K7,7,1,Normal,2,"1,340,000.00",0,SI,,,,
22/01/2024SPA-CU-8,22/01/2024,4,SPA,CU-8,0,0,Normal,0,0,0,NO,,,,
22/01/2024SPA-PRO2,22/01/2024,4,SPA,PRO2,0,0,Normal,0,0,0,NO,,,,
22/01/2024STA-AL8,22/01/2024,4,STA,AL8,33,5,Normal,3,"600,000.00",0,SI,,,,
22/01/2024STA-LI3,22/01/2024,4,STA,LI3,123,17,Normal,5,"570,000.00",0,SI,,,,
22/01/2024STA-MS-7,22/01/2024,4,STA,MS-7,0,1,Normal,0,0,0,NO,,,,
29/01/2024CBR-BR2,29/01/2024,5,CBR,BR2,0,0,Normal,0,0,0,NO,,,,
29/01/2024CBR-COR3,29/01/2024,5,CBR,COR3,55,8,Normal,1,"2,500,000.00",0,SI,,,,
29/01/2024CBR-VIS2,29/01/2024,5,CBR,VIS2,25,2,Normal,0,0,0,NO,,,,
29/01/2024ALS-IB-3N,29/01/2024,5,ALS,IB-3N,25,1,Normal,0,0,0,NO,,,,
29/01/2024ALS-IB-6,29/01/2024,5,ALS,IB-6,27,10,Normal,0,0,0,NO,,,,
29/01/2024MTA-ATT2,29/01/2024,5,MTA,ATT2,26,1,Normal,0,0,0,NO,,,,
29/01/2024NOV-AMA,29/01/2024,5,NOV,AMA,5,2,Normal,1,"4,025,000.00",0,SI,,,,
29/01/2024NOV-AMD,29/01/2024,5,NOV,AMD,20,5,Normal,2,"4,160,000.00",0,SI,,,,
29/01/2024RAL-L-TS3,29/01/2024,5,RAL,L-TS3,43,6,Normal,1,"1,470,000.00",0,SI,,,,
29/01/2024RAL-L-VAL,29/01/2024,5,RAL,L-VAL,20,2,Normal,0,0,0,NO,,,,
29/01/2024LFA-CU-8,29/01/2024,5,LFA,CU-8,15,9,Normal,1,"1,020,000.00",0,SI,,,,
29/01/2024LFA-K7,29/01/2024,5,LFA,K7,0,0,Normal,0,0,0,NO,,,,
29/01/2024LFA-MS8,29/01/2024,5,LFA,MS8,0,0,Normal,0,0,0,NO,,,,
29/01/2024LFA-K3-7,29/01/2024,5,LFA,K3-7,52,2,Normal,1,"1,160,000.00",0,SI,,,,
29/01/2024SPA-K3-7,29/01/2024,5,SPA,K3-7,37,6,Normal,1,"1,170,000.00",0,SI,,,,
29/01/2024SPA-K7,29/01/2024,5,SPA,K7,13,5,Normal,3,"1,340,000.00",0,SI,,,,
29/01/2024SPA-CU-8,29/01/2024,5,SPA,CU-8,0,0,Normal,1,"1,100,000.00",0,SI,,,,
29/01/2024SPA-PRO2,29/01/2024,5,SPA,PRO2,0,0,Normal,0,0,0,NO,,,,
29/01/2024STA-AL8,29/01/2024,5,STA,AL8,42,8,Normal,0,0,0,NO,,,,
29/01/2024STA-LI3,29/01/2024,5,STA,LI3,133,14,Normal,4,"570,000.00",0,SI,,,,
29/01/2024STA-MS-7,29/01/2024,5,STA,MS-7,0,5,Normal,0,0,0,NO,,,,
05/02/2024CBR-BR2,05/02/2024,6,CBR,BR2,0,0,Normal,0,0,0,NO,,,,
05/02/2024CBR-COR3,05/02/2024,6,CBR,COR3,33,2,Normal,0,0,0,NO,,,,
05/02/2024CBR-VIS2,05/02/2024,6,CBR,VIS2,33,2,Normal,0,0,0,NO,,,,
05/02/2024ALS-IB-3N,05/02/2024,6,ALS,IB-3N,24,0,Normal,0,0,0,NO,,,,
05/02/2024ALS-IB-6,05/02/2024,6,ALS,IB-6,30,10,Normal,2,"2,844,000.00",0,SI,,,,
05/02/2024MTA-ATT2,05/02/2024,6,MTA,ATT2,48,1,Normal,0,0,0,NO,,,,
05/02/2024NOV-AMA,05/02/2024,6,NOV,AMA,10,5,Normal,2,"4,025,000.00",0,SI,,,,
05/02/2024NOV-AMD,05/02/2024,6,NOV,AMD,28,3,Normal,0,0,0,NO,,,,
05/02/2024RAL-L-TS3,05/02/2024,6,RAL,L-TS3,43,7,Normal,4,"1,500,000.00",0,SI,,,,
05/02/2024RAL-L-VAL,05/02/2024,6,RAL,L-VAL,23,2,Normal,0,0,0,NO,,,,
05/02/2024LFA-CU-8,05/02/2024,6,LFA,CU-8,18,11,Normal,4,"1,020,000.00",0,SI,,,,
05/02/2024LFA-K7,05/02/2024,6,LFA,K7,0,0,Normal,0,0,0,NO,,,,
05/02/2024LFA-MS8,05/02/2024,6,LFA,MS8,2,1,Normal,0,0,0,NO,,,,
05/02/2024LFA-K3-7,05/02/2024,6,LFA,K3-7,74,6,Normal,3,"1,160,000.00",0,SI,,,,
05/02/2024SPA-K3-7,05/02/2024,6,SPA,K3-7,33,5,Normal,5,"1,205,000.00",0,SI,,,,
05/02/2024SPA-K7,05/02/2024,6,SPA,K7,11,3,Normal,1,"1,350,000.00",0,SI,,,,
05/02/2024SPA-CU-8,05/02/2024,6,SPA,CU-8,0,0,Normal,0,0,0,NO,,,,
05/02/2024SPA-PRO2,05/02/2024,6,SPA,PRO2,0,0,Normal,0,0,0,NO,,,,
05/02/2024STA-AL8,05/02/2024,6,STA,AL8,30,7,Normal,3,"600,000.00",0,SI,,,,
05/02/2024STA-LI3,05/02/2024,6,STA,LI3,112,15,Normal,1,"570,000.00",0,SI,,,,
05/02/2024STA-MS-7,05/02/2024,6,STA,MS-7,0,0,Normal,1,"730,000.00",0,SI,,,,
12/02/2024CBR-BR2,12/02/2024,7,CBR,BR2,0,0,Normal,0,0,0,NO,,,,
12/02/2024CBR-COR3,12/02/2024,7,CBR,COR3,47,4,Normal,2,"2,500,000.00",0,SI,,,,
12/02/2024CBR-VIS2,12/02/2024,7,CBR,VIS2,10,1,Normal,0,0,0,NO,,,,
12/02/2024ALS-IB-3N,12/02/2024,7,ALS,IB-3N,15,1,Normal,0,0,0,NO,,,,
12/02/2024ALS-IB-6,12/02/2024,7,ALS,IB-6,20,5,Normal,1,"2,844,000.00",0,SI,,,,
12/02/2024MTA-ATT2,12/02/2024,7,MTA,ATT2,58,2,Normal,1,"3,450,000.00",0,SI,,,,
12/02/2024NOV-AMA,12/02/2024,7,NOV,AMA,12,2,Normal,0,0,0,NO,,,,
12/02/2024NOV-AMD,12/02/2024,7,NOV,AMD,12,4,Normal,1,"4,160,000.00",0,SI,,,,
12/02/2024RAL-L-TS3,12/02/2024,7,RAL,L-TS3,44,9,Normal,4,"1,500,000.00",0,SI,,,,
12/02/2024RAL-L-VAL,12/02/2024,7,RAL,L-VAL,10,3,Normal,0,0,0,NO,,,,
12/02/2024LFA-CU-8,12/02/2024,7,LFA,CU-8,14,8,Normal,3,"1,020,000.00",0,SI,,,,
12/02/2024LFA-K7,12/02/2024,7,LFA,K7,0,0,Normal,0,0,0,NO,,,,
12/02/2024LFA-MS8,12/02/2024,7,LFA,MS8,0,0,Normal,0,0,0,NO,,,,
12/02/2024LFA-K3-7,12/02/2024,7,LFA,K3-7,87,6,Normal,1,"1,160,000.00",0,SI,,,,
12/02/2024SPA-K3-7,12/02/2024,7,SPA,K3-7,37,3,Normal,1,"1,205,000.00",0,SI,,,,
12/02/2024SPA-K7,12/02/2024,7,SPA,K7,0,1,Normal,0,0,0,NO,,,,
12/02/2024SPA-CU-8,12/02/2024,7,SPA,CU-8,6,1,Normal,0,0,0,NO,,,,
12/02/2024SPA-PRO2,12/02/2024,7,SPA,PRO2,0,0,Normal,0,0,0,NO,,,,
12/02/2024STA-AL8,12/02/2024,7,STA,AL8,20,6,Normal,1,"620,000.00",0,SI,,,,
12/02/2024STA-LI3,12/02/2024,7,STA,LI3,96,13,Normal,2,"570,000.00",0,SI,,,,
12/02/2024STA-MS-7,12/02/2024,7,STA,MS-7,0,2,Normal,3,"730,000.00",0,SI,,,,
19/02/2024CBR-BR2,19/02/2024,8,CBR,BR2,0,1,Normal,0,0,0,NO,,,,
19/02/2024CBR-COR3,19/02/2024,8,CBR,COR3,6,1,Normal,0,0,0,NO,,,,
19/02/2024CBR-VIS2,19/02/2024,8,CBR,VIS2,45,6,Normal,1,"2,550,000.00",0,SI,,,,
19/02/2024ALS-IB-3N,19/02/2024,8,ALS,IB-3N,20,0,Normal,0,0,0,NO,,,,
19/02/2024ALS-IB-6,19/02/2024,8,ALS,IB-6,36,5,Normal,3,"2,844,000.00",0,SI,,,,
19/02/2024MTA-ATT2,19/02/2024,8,MTA,ATT2,50,2,Normal,1,"3,450,000.00",0,SI,,,,
19/02/2024NOV-AMA,19/02/2024,8,NOV,AMA,6,3,Normal,0,0,0,NO,,,,
19/02/2024NOV-AMD,19/02/2024,8,NOV,AMD,15,3,Normal,2,"4,160,000.00",0,SI,,,,
19/02/2024RAL-L-TS3,19/02/2024,8,RAL,L-TS3,30,7,Normal,0,0,0,NO,,,,
19/02/2024RAL-L-VAL,19/02/2024,8,RAL,L-VAL,28,5,Normal,0,0,0,NO,,,,
19/02/2024LFA-CU-8,19/02/2024,8,LFA,CU-8,15,10,Normal,4,"1,020,000.00",0,SI,,,,
19/02/2024LFA-K7,19/02/2024,8,LFA,K7,0,0,Normal,0,0,0,NO,,,,
19/02/2024LFA-MS8,19/02/2024,8,LFA,MS8,0,0,Normal,0,0,0,NO,,,,
19/02/2024LFA-K3-7,19/02/2024,8,LFA,K3-7,45,4,Normal,1,"1,160,000.00",0,SI,,,,
19/02/2024SPA-K3-7,19/02/2024,8,SPA,K3-7,32,2,Normal,1,"1,205,000.00",0,SI,,,,
19/02/2024SPA-K7,19/02/2024,8,SPA,K7,12,5,Normal,2,"1,350,000.00",0,SI,,,,
19/02/2024SPA-CU-8,19/02/2024,8,SPA,CU-8,0,1,Normal,0,0,0,NO,,,,
19/02/2024SPA-PRO2,19/02/2024,8,SPA,PRO2,0,0,Normal,0,0,0,NO,,,,
19/02/2024STA-AL8,19/02/2024,8,STA,AL8,17,6,Normal,5,"620,000.00",0,SI,,,,
19/02/2024STA-LI3,19/02/2024,8,STA,LI3,97,8,Normal,9,"570,000.00",0,SI,,,,
19/02/2024STA-MS-7,19/02/2024,8,STA,MS-7,0,1,Normal,1,"730,000.00",0,SI,,,,
26/02/2024CBR-BR2,26/02/2024,9,CBR,BR2,0,0,Normal,0,0,0,NO,,,,
26/02/2024CBR-COR3,26/02/2024,9,CBR,COR3,30,3,Normal,2,"2,500,000.00",0,SI,,,,
26/02/2024CBR-VIS2,26/02/2024,9,CBR,VIS2,40,5,Normal,2,"2,550,000.00",0,SI,,,,
26/02/2024ALS-IB-3N,26/02/2024,9,ALS,IB-3N,13,4,Normal,1,"3,200,000.00",0,SI,,,,
26/02/2024ALS-IB-6,26/02/2024,9,ALS,IB-6,20,5,Normal,1,"2,844,000.00",0,SI,,,,
26/02/2024MTA-ATT2,26/02/2024,9,MTA,ATT2,45,3,Normal,1,"3,450,000.00",0,SI,,,,
26/02/2024NOV-AMA,26/02/2024,9,NOV,AMA,14,6,Normal,2,"4,025,000.00",0,SI,,,,
26/02/2024NOV-AMD,26/02/2024,9,NOV,AMD,20,2,Normal,1,"4,160,000.00",0,SI,,,,
26/02/2024RAL-L-TS3,26/02/2024,9,RAL,L-TS3,39,7,Normal,3,"1,500,000.00",0,SI,,,,
26/02/2024RAL-L-VAL,26/02/2024,9,RAL,L-VAL,30,4,Normal,0,0,0,NO,,,,
26/02/2024LFA-CU-8,26/02/2024,9,LFA,CU-8,37,11,Normal,2,0,0,SI,,,,
26/02/2024LFA-K7,26/02/2024,9,LFA,K7,0,1,Normal,0,0,0,NO,,,,
26/02/2024LFA-MS8,26/02/2024,9,LFA,MS8,0,1,Normal,0,0,0,NO,,,,
26/02/2024LFA-K3-7,26/02/2024,9,LFA,K3-7,37,3,Normal,1,"1,160,000.00",0,SI,,,,
26/02/2024SPA-K3-7,26/02/2024,9,SPA,K3-7,14,3,Normal,1,"1,205,000.00",0,SI,,,,
26/02/2024SPA-K7,26/02/2024,9,SPA,K7,33,6,Normal,1,"1,350,000.00",0,SI,,,,
26/02/2024SPA-CU-8,26/02/2024,9,SPA,CU-8,0,0,Normal,0,0,0,NO,,,,
26/02/2024SPA-PRO2,26/02/2024,9,SPA,PRO2,0,0,Normal,0,0,0,NO,,,,
26/02/2024STA-AL8,26/02/2024,9,STA,AL8,24,4,Normal,1,"620,000.00",0,SI,,,,
26/02/2024STA-LI3,26/02/2024,9,STA,LI3,110,11,Normal,5,"570,000.00",0,SI,,,,
26/02/2024STA-MS-7,26/02/2024,9,STA,MS-7,0,5,Normal,1,"730,000.00",0,SI,,,,
04/03/2024CBR-BR2,04/03/2024,10,CBR,BR2,0,0,Normal,0,0,0,NO,,,,
04/03/2024CBR-COR3,04/03/2024,10,CBR,COR3,20,7,Normal,2,"2,500,000.00",0,SI,,,,
04/03/2024CBR-VIS2,04/03/2024,10,CBR,VIS2,36,11,Normal,3,"2,550,000.00",0,SI,,,,
04/03/2024ALS-IB-3N,04/03/2024,10,ALS,IB-3N,20,4,Normal,0,0,0,NO,,,,
04/03/2024ALS-IB-6,04/03/2024,10,ALS,IB-6,21,2,Normal,0,0,0,NO,,,,
04/03/2024MTA-ATT2,04/03/2024,10,MTA,ATT2,52,1,Normal,0,0,0,NO,,,,
04/03/2024NOV-AMA,04/03/2024,10,NOV,AMA,5,1,Normal,0,0,0,NO,,,,
04/03/2024NOV-AMD,04/03/2024,10,NOV,AMD,30,5,Normal,0,0,0,NO,,,,
04/03/2024RAL-L-TS3,04/03/2024,10,RAL,L-TS3,45,9,Normal,1,"1,500,000.00",0,SI,,,,
04/03/2024RAL-L-VAL,04/03/2024,10,RAL,L-VAL,20,2,Normal,1,"1,905,000.00",0,SI,,,,
04/03/2024LFA-CU-8,04/03/2024,10,LFA,CU-8,45,20,Normal,8,"1,020,000.00",0,SI,,,,
04/03/2024LFA-K7,04/03/2024,10,LFA,K7,0,0,Normal,0,0,0,NO,,,,
04/03/2024LFA-MS8,04/03/2024,10,LFA,MS8,0,1,Normal,0,0,0,NO,,,,
04/03/2024LFA-K3-7,04/03/2024,10,LFA,K3-7,24,0,Normal,3,"1,160,000.00",0,SI,,,,
04/03/2024SPA-K3-7,04/03/2024,10,SPA,K3-7,12,6,Normal,4,"1,205,000.00",0,SI,,,,
04/03/2024SPA-K7,04/03/2024,10,SPA,K7,5,3,Normal,0,0,0,NO,,,,
04/03/2024SPA-CU-8,04/03/2024,10,SPA,CU-8,0,0,Normal,0,0,0,NO,,,,
04/03/2024SPA-PRO2,04/03/2024,10,SPA,PRO2,0,0,Normal,0,0,0,NO,,,,
04/03/2024STA-AL8,04/03/2024,10,STA,AL8,30,8,Normal,5,"620,000.00",0,SI,,,,
04/03/2024STA-LI3,04/03/2024,10,STA,LI3,130,16,Normal,4,"570,000.00",0,SI,,,,
04/03/2024STA-MS-7,04/03/2024,10,STA,MS-7,0,2,Normal,1,"730,000.00",0,SI,,,,
11/03/2024CBR-BR2,11/03/2024,11,CBR,BR2,0,1,Normal,0,0,0,NO,,,,
11/03/2024CBR-COR3,11/03/2024,11,CBR,COR3,10,4,Normal,3,"2,500,000.00",0,SI,,,,
11/03/2024CBR-VIS2,11/03/2024,11,CBR,VIS2,39,6,Normal,3,"2,550,000.00",0,SI,,,,
11/03/2024ALS-IB-3N,11/03/2024,11,ALS,IB-3N,14,1,Normal,0,0,0,NO,,,,
11/03/2024ALS-IB-6,11/03/2024,11,ALS,IB-6,20,3,Normal,1,"2,844,000.00",0,SI,,,,
11/03/2024MTA-ATT2,11/03/2024,11,MTA,ATT2,39,2,Normal,0,0,0,NO,,,,
11/03/2024NOV-AMA,11/03/2024,11,NOV,AMA,12,5,Normal,0,0,0,NO,,,,
11/03/2024NOV-AMD,11/03/2024,11,NOV,AMD,12,3,Normal,1,"4,160,000.00",0,SI,,,,
11/03/2024RAL-L-TS3,11/03/2024,11,RAL,L-TS3,24,4,Normal,0,0,0,NO,,,,
11/03/2024RAL-L-VAL,11/03/2024,11,RAL,L-VAL,24,2,Normal,1,"1,905,000.00",0,SI,,,,
11/03/2024LFA-CU-8,11/03/2024,11,LFA,CU-8,32,8,Normal,3,"1,020,000.00",0,SI,,,,
11/03/2024LFA-K7,11/03/2024,11,LFA,K7,0,0,Normal,0,0,0,NO,,,,
11/03/2024LFA-MS8,11/03/2024,11,LFA,MS8,3,1,Normal,0,0,0,NO,,,,
11/03/2024LFA-K3-7,11/03/2024,11,LFA,K3-7,35,6,Normal,5,"1,160,000.00",0,SI,,,,
11/03/2024SPA-K3-7,11/03/2024,11,SPA,K3-7,13,1,Normal,0,0,0,NO,,,,
11/03/2024SPA-K7,11/03/2024,11,SPA,K7,4,1,Normal,0,0,0,NO,,,,
11/03/2024SPA-CU-8,11/03/2024,11,SPA,CU-8,0,0,Normal,0,0,0,NO,,,,
11/03/2024SPA-PRO2,11/03/2024,11,SPA,PRO2,0,0,Normal,0,0,0,NO,,,,
11/03/2024STA-AL8,11/03/2024,11,STA,AL8,13,4,Normal,2,"620,000.00",0,SI,,,,
11/03/2024STA-LI3,11/03/2024,11,STA,LI3,110,11,Normal,6,"570,000.00",0,SI,,,,
11/03/2024STA-MS-7,11/03/2024,11,STA,MS-7,0,0,Normal,0,0,0,NO,,,,
18/03/2024CBR-BR2,18/03/2024,12,CBR,BR2,0,0,Normal,0,0,0,NO,,,,
18/03/2024CBR-COR3,18/03/2024,12,CBR,COR3,5,0,Normal,0,0,0,NO,,,,
18/03/2024CBR-VIS2,18/03/2024,12,CBR,VIS2,40,5,Normal,2,"2,550,000.00",0,SI,,,,
18/03/2024ALS-IB-3N,18/03/2024,12,ALS,IB-3N,17,2,Normal,0,0,0,NO,,,,
18/03/2024ALS-IB-6,18/03/2024,12,ALS,IB-6,20,3,Normal,0,0,0,NO,,,,
18/03/2024MTA-ATT2,18/03/2024,12,MTA,ATT2,29,2,Normal,0,0,0,NO,,,,
18/03/2024NOV-AMA,18/03/2024,12,NOV,AMA,8,5,Normal,0,0,0,NO,,,,
18/03/2024NOV-AMD,18/03/2024,12,NOV,AMD,20,6,Normal,1,"4,160,000.00",0,SI,,,,
18/03/2024RAL-L-TS3,18/03/2024,12,RAL,L-TS3,40,8,Normal,1,"1,550,000.00",0,SI,,,,
18/03/2024RAL-L-VAL,18/03/2024,12,RAL,L-VAL,20,1,Normal,0,0,0,NO,,,,
18/03/2024LFA-CU-8,18/03/2024,12,LFA,CU-8,37,9,Normal,2,"1,020,000.00",0,SI,,,,
18/03/2024LFA-K7,18/03/2024,12,LFA,K7,0,0,Normal,0,0,0,NO,,,,
18/03/2024LFA-MS8,18/03/2024,12,LFA,MS8,0,0,Normal,0,0,0,NO,,,,
18/03/2024LFA-K3-7,18/03/2024,12,LFA,K3-7,23,2,Normal,1,"1,160,000.00",0,SI,,,,
18/03/2024SPA-K3-7,18/03/2024,12,SPA,K3-7,5,4,Normal,2,"1,205,000.00",0,SI,,,,
18/03/2024SPA-K7,18/03/2024,12,SPA,K7,4,4,Normal,4,"1,350,000.00",0,SI,,,,
18/03/2024SPA-CU-8,18/03/2024,12,SPA,CU-8,0,0,Normal,0,0,0,NO,,,,
18/03/2024SPA-PRO2,18/03/2024,12,SPA,PRO2,0,0,Normal,0,0,0,NO,,,,
18/03/2024STA-AL8,18/03/2024,12,STA,AL8,24,5,Normal,5,"620,000.00",0,SI,,,,
18/03/2024STA-LI3,18/03/2024,12,STA,LI3,80,17,Normal,4,"570,000.00",0,SI,,,,
18/03/2024STA-MS-7,18/03/2024,12,STA,MS-7,0,0,Normal,0,0,0,NO,,,,
25/03/2024CBR-BR2,25/03/2024,13,CBR,BR2,0,0,Normal,0,0,0,NO,,,,
25/03/2024CBR-COR3,25/03/2024,13,CBR,COR3,35,3,Normal,0,0,0,NO,,,,
25/03/2024CBR-VIS2,25/03/2024,13,CBR,VIS2,30,4,Normal,0,0,0,NO,,,,
25/03/2024ALS-IB-3N,25/03/2024,13,ALS,IB-3N,20,0,Normal,0,0,0,NO,,,,
25/03/2024ALS-IB-6,25/03/2024,13,ALS,IB-6,26,2,Normal,2,"2,860,000.00",0,SI,,,,
25/03/2024MTA-ATT2,25/03/2024,13,MTA,ATT2,36,3,Normal,1,"3,450,000.00",0,SI,,,,
25/03/2024NOV-AMA,25/03/2024,13,NOV,AMA,20,3,Normal,2,"4,025,000.00",0,SI,,,,
25/03/2024NOV-AMD,25/03/2024,13,NOV,AMD,11,2,Normal,0,0,0,NO,,,,
25/03/2024RAL-L-TS3,25/03/2024,13,RAL,L-TS3,48,8,Normal,0,0,0,NO,,,,
25/03/2024RAL-L-VAL,25/03/2024,13,RAL,L-VAL,29,1,Normal,0,0,0,NO,,,,
25/03/2024LFA-CU-8,25/03/2024,13,LFA,CU-8,19,5,Normal,2,"1,045,000.00",0,SI,,,,
25/03/2024LFA-K7,25/03/2024,13,LFA,K7,0,0,Normal,0,0,0,NO,,,,
25/03/2024LFA-MS8,25/03/2024,13,LFA,MS8,0,0,Normal,0,0,0,NO,,,,
25/03/2024LFA-K3-7,25/03/2024,13,LFA,K3-7,36,3,Normal,2,"1,160,000.00",0,SI,,,,
25/03/2024SPA-K3-7,25/03/2024,13,SPA,K3-7,2,0,Normal,0,0,0,NO,,,,
25/03/2024SPA-K7,25/03/2024,13,SPA,K7,10,3,Normal,2,"1,350,000.00",0,SI,,,,
25/03/2024SPA-CU-8,25/03/2024,13,SPA,CU-8,0,0,Normal,0,0,0,NO,,,,
25/03/2024SPA-PRO2,25/03/2024,13,SPA,PRO2,0,0,Normal,0,0,0,NO,,,,
25/03/2024STA-AL8,25/03/2024,13,STA,AL8,9,3,Normal,2,"620,000.00",0,SI,,,,
25/03/2024STA-LI3,25/03/2024,13,STA,LI3,100,9,Normal,4,"570,000.00",0,SI,,,,
25/03/2024STA-MS-7,25/03/2024,13,STA,MS-7,0,2,Normal,0,0,0,NO,,,,
01/04/2024CBR-BR2,01/04/2024,14,CBR,BR2,0,0,Normal,0,0,0,NO,,,,
01/04/2024CBR-COR3,01/04/2024,14,CBR,COR3,10,2,Normal,0,0,0,NO,,,,
01/04/2024CBR-VIS2,01/04/2024,14,CBR,VIS2,60,5,Normal,1,"2,550,000.00",0,SI,,,,
01/04/2024ALS-IB-3N,01/04/2024,14,ALS,IB-3N,20,2,Normal,0,0,0,NO,,,,
01/04/2024ALS-IB-6,01/04/2024,14,ALS,IB-6,22,8,Normal,0,0,0,NO,,,,
01/04/2024MTA-ATT2,01/04/2024,14,MTA,ATT2,71,1,Normal,1,"3,450,000.00",0,SI,,,,
01/04/2024NOV-AMA,01/04/2024,14,NOV,AMA,7,2,Normal,1,"4,025,000.00",0,SI,,,,
01/04/2024NOV-AMD,01/04/2024,14,NOV,AMD,25,2,Normal,0,0,0,NO,,,,
01/04/2024RAL-L-TS3,01/04/2024,14,RAL,L-TS3,51,7,Normal,0,0,0,NO,,,,
01/04/2024RAL-L-VAL,01/04/2024,14,RAL,L-VAL,30,1,Normal,0,0,0,NO,,,,
01/04/2024LFA-CU-8,01/04/2024,14,LFA,CU-8,11,6,Normal,5,"1,045,000.00",0,SI,,,,
01/04/2024LFA-K7,01/04/2024,14,LFA,K7,0,0,Normal,0,0,0,NO,,,,
01/04/2024LFA-MS8,01/04/2024,14,LFA,MS8,1,3,Normal,0,0,0,NO,,,,
01/04/2024LFA-K3-7,01/04/2024,14,LFA,K3-7,33,2,Normal,3,"1,160,000.00",0,SI,,,,
01/04/2024SPA-K3-7,01/04/2024,14,SPA,K3-7,2,4,Normal,1,"1,235,000.00",0,SI,,,,
01/04/2024SPA-K7,01/04/2024,14,SPA,K7,2,0,Normal,1,"1,350,000.00",0,SI,,,,
01/04/2024SPA-CU-8,01/04/2024,14,SPA,CU-8,0,0,Normal,0,0,0,NO,,,,
01/04/2024SPA-PRO2,01/04/2024,14,SPA,PRO2,0,0,Normal,0,0,0,NO,,,,
01/04/2024STA-AL8,01/04/2024,14,STA,AL8,17,6,Normal,3,"620,000.00",0,SI,,,,
01/04/2024STA-LI3,01/04/2024,14,STA,LI3,123,16,Normal,4,"570,000.00",0,SI,,,,
01/04/2024STA-MS-7,01/04/2024,14,STA,MS-7,7,1,Normal,0,0,0,NO,,,,
08/04/2024CBR-BR2,08/04/2024,15,CBR,BR2,0,0,Normal,0,0,0,NO,,,,
08/04/2024CBR-COR3,08/04/2024,15,CBR,COR3,35,2,Normal,0,0,0,NO,,,,
08/04/2024CBR-VIS2,08/04/2024,15,CBR,VIS2,30,2,Normal,0,0,0,NO,,,,
08/04/2024ALS-IB-3N,08/04/2024,15,ALS,IB-3N,30,1,Normal,0,0,0,NO,,,,
08/04/2024ALS-IB-6,08/04/2024,15,ALS,IB-6,32,3,Normal,1,"2,860,000.00",0,SI,,,,
08/04/2024MTA-ATT2,08/04/2024,15,MTA,ATT2,67,3,Normal,0,0,0,NO,,,,
08/04/2024NOV-AMA,08/04/2024,15,NOV,AMA,4,7,Normal,0,0,0,NO,,,,
08/04/2024NOV-AMD,08/04/2024,15,NOV,AMD,24,1,Normal,0,0,0,NO,,,,
08/04/2024RAL-L-TS3,08/04/2024,15,RAL,L-TS3,47,5,Normal,2,"1,550,000.00",0,SI,,,,
08/04/2024RAL-L-VAL,08/04/2024,15,RAL,L-VAL,43,3,Normal,0,0,0,NO,,,,
08/04/2024LFA-CU-8,08/04/2024,15,LFA,CU-8,23,7,Normal,0,0,0,NO,,,,
08/04/2024LFA-K7,08/04/2024,15,LFA,K7,0,0,Normal,0,0,0,NO,,,,
08/04/2024LFA-MS8,08/04/2024,15,LFA,MS8,0,0,Normal,0,0,0,NO,,,,
08/04/2024LFA-K3-7,08/04/2024,15,LFA,K3-7,37,4,Normal,2,"1,060,000.00",0,SI,,,,
08/04/2024SPA-K3-7,08/04/2024,15,SPA,K3-7,8,4,Normal,2,"1,235,000.00",0,SI,,,,
08/04/2024SPA-K7,08/04/2024,15,SPA,K7,10,6,Normal,2,"1,350,000.00",0,SI,,,,
08/04/2024SPA-CU-8,08/04/2024,15,SPA,CU-8,0,0,Normal,0,0,0,NO,,,,
08/04/2024SPA-PRO2,08/04/2024,15,SPA,PRO2,0,0,Normal,0,0,0,NO,,,,
08/04/2024STA-AL8,08/04/2024,15,STA,AL8,19,5,Normal,0,0,0,NO,,,,
08/04/2024STA-LI3,08/04/2024,15,STA,LI3,120,20,Normal,10,"570,000.00",0,SI,,,,
08/04/2024STA-MS-7,08/04/2024,15,STA,MS-7,0,0,Normal,0,0,0,NO,,,,
15/04/2024CBR-BR2,15/04/2024,16,CBR,BR2,0,0,Normal,0,0,0,NO,,,,
15/04/2024CBR-COR3,15/04/2024,16,CBR,COR3,7,1,Normal,3,"2,500,000.00",0,SI,,,,
15/04/2024CBR-VIS2,15/04/2024,16,CBR,VIS2,45,5,Normal,3,"2,550,000.00",0,SI,,,,
15/04/2024ALS-IB-3N,15/04/2024,16,ALS,IB-3N,15,0,Normal,0,0,0,NO,,,,
15/04/2024ALS-IB-6,15/04/2024,16,ALS,IB-6,20,6,Normal,1,"2,910,000.00",0,SI,,,,
15/04/2024MTA-ATT2,15/04/2024,16,MTA,ATT2,56,4,Normal,1,"3,450,000.00",0,SI,,,,
15/04/2024NOV-AMA,15/04/2024,16,NOV,AMA,14,4,Normal,1,"4,025,000.00",0,SI,,,,
15/04/2024NOV-AMD,15/04/2024,16,NOV,AMD,14,2,Normal,0,0,0,NO,,,,
15/04/2024RAL-L-TS3,15/04/2024,16,RAL,L-TS3,39,5,Normal,1,"1,550,000.00",0,SI,,,,
15/04/2024RAL-L-VAL,15/04/2024,16,RAL,L-VAL,17,3,Normal,0,0,0,NO,,,,
15/04/2024LFA-CU-8,15/04/2024,16,LFA,CU-8,16,4,Normal,4,"1,060,000.00",0,SI,,,,
15/04/2024LFA-K7,15/04/2024,16,LFA,K7,0,0,Normal,0,0,0,NO,,,,
15/04/2024LFA-MS8,15/04/2024,16,LFA,MS8,0,0,Normal,0,0,0,NO,,,,
15/04/2024LFA-K3-7,15/04/2024,16,LFA,K3-7,35,2,Normal,0,0,0,NO,,,,
15/04/2024SPA-K3-7,15/04/2024,16,SPA,K3-7,47,10,Normal,3,"1,235,000.00",0,SI,,,,
15/04/2024SPA-K7,15/04/2024,16,SPA,K7,10,1,Normal,1,"1,350,000.00",0,SI,,,,
15/04/2024SPA-CU-8,15/04/2024,16,SPA,CU-8,0,0,Normal,0,0,0,NO,,,,
15/04/2024SPA-PRO2,15/04/2024,16,SPA,PRO2,0,0,Normal,0,0,0,NO,,,,
15/04/2024STA-AL8,15/04/2024,16,STA,AL8,14,5,Normal,0,0,0,NO,,,,
15/04/2024STA-LI3,15/04/2024,16,STA,LI3,101,11,Normal,6,"570,000.00",0,SI,,,,
15/04/2024STA-MS-7,15/04/2024,16,STA,MS-7,0,0,Normal,0,0,0,NO,,,,
22/04/2024CBR-BR2,22/04/2024,17,CBR,BR2,0,0,Normal,0,0,0,NO,,,,
22/04/2024CBR-COR3,22/04/2024,17,CBR,COR3,40,3,Normal,1,"2,550,000.00",0,SI,,,,
22/04/2024CBR-VIS2,22/04/2024,17,CBR,VIS2,20,2,Normal,0,0,0,NO,,,,
22/04/2024ALS-IB-3N,22/04/2024,17,ALS,IB-3N,10,0,Normal,0,0,0,NO,,,,
22/04/2024ALS-IB-6,22/04/2024,17,ALS,IB-6,18,2,Normal,1,"2,910,000.00",0,SI,,,,
22/04/2024MTA-ATT2,22/04/2024,17,MTA,ATT2,75,0,Normal,1,"3,450,000.00",0,SI,,,,
22/04/2024NOV-AMA,22/04/2024,17,NOV,AMA,12,3,Normal,0,0,0,NO,,,,
22/04/2024NOV-AMD,22/04/2024,17,NOV,AMD,12,5,Normal,1,"4,160,000.00",0,SI,,,,
22/04/2024RAL-L-TS3,22/04/2024,17,RAL,L-TS3,49,4,Normal,0,0,0,NO,,,,
22/04/2024RAL-L-VAL,22/04/2024,17,RAL,L-VAL,25,2,Normal,0,0,0,NO,,,,
22/04/2024LFA-CU-8,22/04/2024,17,LFA,CU-8,54,14,Normal,3,"1,060,000.00",0,SI,,,,
22/04/2024LFA-K7,22/04/2024,17,LFA,K7,0,0,Normal,0,0,0,NO,,,,
22/04/2024LFA-MS8,22/04/2024,17,LFA,MS8,0,0,Normal,0,0,0,NO,,,,
22/04/2024LFA-K3-7,22/04/2024,17,LFA,K3-7,9,2,Normal,4,"1,180,000.00",0,SI,,,,
22/04/2024SPA-K3-7,22/04/2024,17,SPA,K3-7,27,11,Normal,5,"1,235,000.00",0,SI,,,,
22/04/2024SPA-K7,22/04/2024,17,SPA,K7,22,4,Normal,3,"1,350,000.00",0,SI,,,,
22/04/2024SPA-CU-8,22/04/2024,17,SPA,CU-8,3,0,Normal,0,0,0,NO,,,,
22/04/2024SPA-PRO2,22/04/2024,17,SPA,PRO2,0,0,Normal,0,0,0,NO,,,,
22/04/2024STA-AL8,22/04/2024,17,STA,AL8,53,6,Normal,1,"620,000.00",0,SI,,,,
22/04/2024STA-LI3,22/04/2024,17,STA,LI3,46,13,Normal,6,"570,000.00",0,SI,,,,
22/04/2024STA-MS-7,22/04/2024,17,STA,MS-7,0,0,Normal,0,0,0,NO,,,,
29/04/2024CBR-BR2,29/04/2024,18,CBR,BR2,0,0,Normal,0,0,0,NO,,,,
29/04/2024CBR-COR3,29/04/2024,18,CBR,COR3,6,0,Normal,0,0,0,NO,,,,
29/04/2024CBR-VIS2,29/04/2024,18,CBR,VIS2,42,4,Normal,0,0,0,NO,,,,
29/04/2024ALS-IB-3N,29/04/2024,18,ALS,IB-3N,10,1,Normal,0,0,0,NO,,,,
29/04/2024ALS-IB-6,29/04/2024,18,ALS,IB-6,16,2,Normal,0,0,0,NO,,,,
29/04/2024MTA-ATT2,29/04/2024,18,MTA,ATT2,64,7,Normal,5,"3,450,000.00",0,SI,,,,
29/04/2024NOV-AMA,29/04/2024,18,NOV,AMA,4,4,Normal,2,"4,025,000.00",0,SI,,,,
29/04/2024NOV-AMD,29/04/2024,18,NOV,AMD,21,3,Normal,1,"4,160,000.00",0,SI,,,,
29/04/2024RAL-L-TS3,29/04/2024,18,RAL,L-TS3,60,8,Normal,2,"1,550,000.00",0,SI,,,,
29/04/2024RAL-L-VAL,29/04/2024,18,RAL,L-VAL,32,2,Normal,0,0,0,NO,,,,
29/04/2024LFA-CU-8,29/04/2024,18,LFA,CU-8,46,15,Normal,3,"1,080,000.00",0,SI,,,,
29/04/2024LFA-K7,29/04/2024,18,LFA,K7,0,0,Normal,0,0,0,NO,,,,
29/04/2024LFA-MS8,29/04/2024,18,LFA,MS8,0,0,Normal,0,0,0,NO,,,,
29/04/2024LFA-K3-7,29/04/2024,18,LFA,K3-7,11,3,Normal,3,"1,200,000.00",0,SI,,,,
29/04/2024SPA-K3-7,29/04/2024,18,SPA,K3-7,50,8,Normal,6,"1,235,000.00",0,SI,,,,
29/04/2024SPA-K7,29/04/2024,18,SPA,K7,4,1,Normal,0,0,0,NO,,,,
29/04/2024SPA-CU-8,29/04/2024,18,SPA,CU-8,0,0,Normal,0,0,0,NO,,,,
29/04/2024SPA-PRO2,29/04/2024,18,SPA,PRO2,0,0,Normal,0,0,0,NO,,,,
29/04/2024STA-AL8,29/04/2024,18,STA,AL8,48,9,Normal,0,0,0,NO,,,,
29/04/2024STA-LI3,29/04/2024,18,STA,LI3,112,20,Normal,10,"570,000.00",0,SI,,,,
29/04/2024STA-MS-7,29/04/2024,18,STA,MS-7,0,3,Normal,0,0,0,NO,,,,
06/05/2024CBR-BR2,06/05/2024,19,CBR,BR2,0,1,Normal,1,"2,805,000.00",0,SI,,,,
06/05/2024CBR-COR3,06/05/2024,19,CBR,COR3,8,1,Normal,0,0,0,NO,,,,
06/05/2024CBR-VIS2,06/05/2024,19,CBR,VIS2,40,4,Normal,0,0,0,NO,,,,
06/05/2024ALS-IB-3N,06/05/2024,19,ALS,IB-3N,10,0,Normal,0,0,0,NO,,,,
06/05/2024ALS-IB-6,06/05/2024,19,ALS,IB-6,10,2,Normal,2,"2,910,000.00",0,SI,,,,
06/05/2024MTA-ATT2,06/05/2024,19,MTA,ATT2,38,2,Normal,0,0,0,NO,,,,
06/05/2024NOV-AMA,06/05/2024,19,NOV,AMA,2,3,Normal,0,0,0,NO,,,,
06/05/2024NOV-AMD,06/05/2024,19,NOV,AMD,17,5,Normal,0,0,0,NO,,,,
06/05/2024RAL-L-TS3,06/05/2024,19,RAL,L-TS3,37,11,Normal,2,"1,550,000.00",0,SI,,,,
06/05/2024RAL-L-VAL,06/05/2024,19,RAL,L-VAL,4,1,Normal,0,0,0,NO,,,,
06/05/2024LFA-CU-8,06/05/2024,19,LFA,CU-8,39,6,Normal,3,"1,080,000.00",0,SI,,,,
06/05/2024LFA-K7,06/05/2024,19,LFA,K7,0,0,Normal,0,0,0,NO,,,,
06/05/2024LFA-MS8,06/05/2024,19,LFA,MS8,0,0,Normal,0,0,0,NO,,,,
06/05/2024LFA-K3-7,06/05/2024,19,LFA,K3-7,37,2,Normal,0,0,0,NO,,,,
06/05/2024SPA-K3-7,06/05/2024,19,SPA,K3-7,33,5,Normal,5,"1,235,000.00",0,SI,,,,
06/05/2024SPA-K7,06/05/2024,19,SPA,K7,12,2,Normal,0,0,0,NO,,,,
06/05/2024SPA-CU-8,06/05/2024,19,SPA,CU-8,0,0,Normal,0,0,0,NO,,,,
06/05/2024SPA-PRO2,06/05/2024,19,SPA,PRO2,4,1,Normal,0,0,0,NO,,,,
06/05/2024STA-AL8,06/05/2024,19,STA,AL8,27,7,Normal,1,"620,000.00",0,SI,,,,
06/05/2024STA-LI3,06/05/2024,19,STA,LI3,107,15,Normal,2,"570,000.00",0,SI,,,,
06/05/2024STA-MS-7,06/05/2024,19,STA,MS-7,0,0,Normal,0,0,0,NO,,,,
13/05/2024CBR-BR2,13/05/2024,20,CBR,BR2,0,0,Normal,0,0,0,NO,,,,
13/05/2024CBR-COR3,13/05/2024,20,CBR,COR3,14,2,Normal,2,"2,550,000.00",0,SI,,,,
13/05/2024CBR-VIS2,13/05/2024,20,CBR,VIS2,37,5,Normal,1,"2,600,000.00",0,SI,,,,
13/05/2024ALS-IB-3N,13/05/2024,20,ALS,IB-3N,10,2,Normal,0,"3,250,000.00",0,NO,,,,
13/05/2024ALS-IB-6,13/05/2024,20,ALS,IB-6,13,1,Normal,0,"2,910,000.00",0,NO,,,,
13/05/2024MTA-ATT2,13/05/2024,20,MTA,ATT2,56,1,Normal,1,"3,450,000.00",0,SI,,,,
13/05/2024NOV-AMA,13/05/2024,20,NOV,AMA,5,8,Normal,3,"4,025,000.00",0,SI,,,,
13/05/2024NOV-AMD,13/05/2024,20,NOV,AMD,20,3,Normal,1,"4,160,000.00",0,SI,,,,
13/05/2024RAL-L-TS3,13/05/2024,20,RAL,L-TS3,40,2,Normal,0,0,0,NO,,,,
13/05/2024RAL-L-VAL,13/05/2024,20,RAL,L-VAL,4,2,Normal,0,0,0,NO,,,,
13/05/2024LFA-CU-8,13/05/2024,20,LFA,CU-8,18,7,Normal,2,"1,080,000.00",0,SI,,,,
13/05/2024LFA-K7,13/05/2024,20,LFA,K7,0,0,Normal,0,0,0,NO,,,,
13/05/2024LFA-MS8,13/05/2024,20,LFA,MS8,0,1,Normal,0,0,0,NO,,,,
13/05/2024LFA-K3-7,13/05/2024,20,LFA,K3-7,33,0,Normal,3,"1,200,000.00",0,SI,,,,
13/05/2024SPA-K3-7,13/05/2024,20,SPA,K3-7,33,3,Normal,3,"1,235,000.00",0,SI,,,,
13/05/2024SPA-K7,13/05/2024,20,SPA,K7,12,1,Normal,0,0,0,NO,,,,
13/05/2024SPA-CU-8,13/05/2024,20,SPA,CU-8,12,1,Normal,0,0,0,NO,,,,
13/05/2024SPA-PRO2,13/05/2024,20,SPA,PRO2,0,0,Normal,0,0,0,NO,,,,
13/05/2024STA-AL8,13/05/2024,20,STA,AL8,32,6,Normal,0,0,0,NO,,,,
13/05/2024STA-LI3,13/05/2024,20,STA,LI3,102,13,Normal,14,"570,000.00",0,SI,,,,
13/05/2024STA-MS-7,13/05/2024,20,STA,MS-7,0,1,Normal,0,0,0,NO,,,,
20/05/2024CBR-BR2,20/05/2024,21,CBR,BR2,0,0,Normal,0,0,0,NO,,,,
20/05/2024CBR-COR3,20/05/2024,21,CBR,COR3,8,3,Normal,0,0,0,NO,,,,
20/05/2024CBR-VIS2,20/05/2024,21,CBR,VIS2,24,3,Normal,1,"2,640,000.00",0,SI,,,,
20/05/2024ALS-IB-3N,20/05/2024,21,ALS,IB-3N,15,0,Normal,0,0,0,NO,,,,
20/05/2024ALS-IB-6,20/05/2024,21,ALS,IB-6,16,7,Normal,0,0,0,NO,,,,
20/05/2024MTA-ATT2,20/05/2024,21,MTA,ATT2,63,4,Normal,2,"3,450,000.00",0,SI,,,,
20/05/2024NOV-AMA,20/05/2024,21,NOV,AMA,4,3,Normal,2,"4,025,000.00",0,SI,,,,
20/05/2024NOV-AMD,20/05/2024,21,NOV,AMD,19,1,Normal,0,0,0,NO,,,,
20/05/2024RAL-L-TS3,20/05/2024,21,RAL,L-TS3,38,4,Normal,2,"1,565,000.00",0,SI,,,,
20/05/2024RAL-L-VAL,20/05/2024,21,RAL,L-VAL,3,2,Normal,0,0,0,NO,,,,
20/05/2024LFA-CU-8,20/05/2024,21,LFA,CU-8,15,10,Normal,2,"1,080,000.00",0,SI,,,,
20/05/2024LFA-K7,20/05/2024,21,LFA,K7,0,0,Normal,0,0,0,NO,,,,
20/05/2024LFA-MS8,20/05/2024,21,LFA,MS8,0,0,Normal,0,0,0,NO,,,,
20/05/2024LFA-K3-7,20/05/2024,21,LFA,K3-7,39,2,Normal,2,"1,200,000.00",0,SI,,,,
20/05/2024SPA-K3-7,20/05/2024,21,SPA,K3-7,33,3,Normal,1,"1,235,000.00",0,SI,,,,
20/05/2024SPA-K7,20/05/2024,21,SPA,K7,9,0,Normal,0,0,0,NO,,,,
20/05/2024SPA-CU-8,20/05/2024,21,SPA,CU-8,0,0,Normal,0,0,0,NO,,,,
20/05/2024SPA-PRO2,20/05/2024,21,SPA,PRO2,0,0,Normal,0,0,0,NO,,,,
20/05/2024STA-AL8,20/05/2024,21,STA,AL8,23,6,Normal,1,"630,000.00",0,SI,,,,
20/05/2024STA-LI3,20/05/2024,21,STA,LI3,94,11,Normal,4,"570,000.00",0,SI,,,,
20/05/2024STA-MS-7,20/05/2024,21,STA,MS-7,0,0,Normal,0,0,0,NO,,,,
27/05/2024CBR-BR2,27/05/2024,22,CBR,BR2,0,0,Normal,0,0,0,NO,,,,
27/05/2024CBR-COR3,27/05/2024,22,CBR,COR3,35,0,Normal,0,0,0,NO,,,,
27/05/2024CBR-VIS2,27/05/2024,22,CBR,VIS2,10,0,Normal,1,"2,640,000.00",0,SI,,,,
27/05/2024ALS-IB-3N,27/05/2024,22,ALS,IB-3N,10,1,Normal,0,0,0,NO,,,,
27/05/2024ALS-IB-6,27/05/2024,22,ALS,IB-6,17,2,Normal,1,"2,910,000.00",0,SI,,,,
27/05/2024MTA-ATT2,27/05/2024,22,MTA,ATT2,61,6,Normal,6,"3,450,000.00",0,SI,,,,
27/05/2024NOV-AMA,27/05/2024,22,NOV,AMA,10,1,Normal,1,"4,025,000.00",0,SI,,,,
27/05/2024NOV-AMD,27/05/2024,22,NOV,AMD,7,5,Normal,0,0,0,NO,,,,
27/05/2024RAL-L-TS3,27/05/2024,22,RAL,L-TS3,27,5,Normal,2,"1,565,000.00",0,SI,,,,
27/05/2024RAL-L-VAL,27/05/2024,22,RAL,L-VAL,7,0,Normal,0,0,0,NO,,,,
27/05/2024LFA-CU-8,27/05/2024,22,LFA,CU-8,31,8,Normal,6,"1,080,000.00",0,SI,,,,
27/05/2024LFA-K7,27/05/2024,22,LFA,K7,0,0,Normal,0,0,0,NO,,,,
27/05/2024LFA-MS8,27/05/2024,22,LFA,MS8,0,2,Normal,0,0,0,NO,,,,
27/05/2024LFA-K3-7,27/05/2024,22,LFA,K3-7,12,7,Normal,2,"1,200,000.00",0,SI,,,,
27/05/2024SPA-K3-7,27/05/2024,22,SPA,K3-7,27,6,Normal,4,"1,235,000.00",0,SI,,,,
27/05/2024SPA-K7,27/05/2024,22,SPA,K7,6,0,Normal,1,"1,530,000.00",0,SI,,,,
27/05/2024SPA-CU-8,27/05/2024,22,SPA,CU-8,0,1,Normal,0,0,0,NO,,,,
27/05/2024SPA-PRO2,27/05/2024,22,SPA,PRO2,0,0,Normal,0,0,0,NO,,,,
27/05/2024STA-AL8,27/05/2024,22,STA,AL8,58,1,Normal,0,0,0,NO,,,,
27/05/2024STA-LI3,27/05/2024,22,STA,LI3,22,13,Normal,5,"570,000.00",0,SI,,,,
27/05/2024STA-MS-7,27/05/2024,22,STA,MS-7,0,0,Normal,0,0,0,NO,,,,
03/06/2024CBR-BR2,03/06/2024,23,CBR,BR2,0,0,Normal,0,0,0,NO,,,,
03/06/2024CBR-COR3,03/06/2024,23,CBR,COR3,6,1,Normal,0,0,0,NO,,,,
03/06/2024CBR-VIS2,03/06/2024,23,CBR,VIS2,35,1,Normal,1,"2,640,000.00",0,SI,,,,
03/06/2024ALS-IB-3N,03/06/2024,23,ALS,IB-3N,10,0,Normal,0,0,0,NO,,,,
03/06/2024ALS-IB-6,03/06/2024,23,ALS,IB-6,19,1,Normal,0,0,0,NO,,,,
03/06/2024MTA-ATT2,03/06/2024,23,MTA,ATT2,57,4,Normal,1,"3,475,000.00",0,SI,,,,
03/06/2024NOV-AMA,03/06/2024,23,NOV,AMA,3,3,Normal,1,"4,035,000.00",0,SI,,,,
03/06/2024NOV-AMD,03/06/2024,23,NOV,AMD,0,6,Normal,2,"4,165,000.00",0,SI,,,,
03/06/2024RAL-L-TS3,03/06/2024,23,RAL,L-TS3,37,4,Normal,1,"1,565,000.00",0,SI,,,,
03/06/2024RAL-L-VAL,03/06/2024,23,RAL,L-VAL,5,0,Normal,0,0,0,NO,,,,
03/06/2024LFA-CU-8,03/06/2024,23,LFA,CU-8,30,14,Normal,3,"1,080,000.00",0,SI,,,,
03/06/2024LFA-K7,03/06/2024,23,LFA,K7,0,0,Normal,0,0,0,NO,,,,
03/06/2024LFA-MS8,03/06/2024,23,LFA,MS8,0,0,Normal,0,0,0,NO,,,,
03/06/2024LFA-K3-7,03/06/2024,23,LFA,K3-7,6,5,Normal,2,"1,200,000.00",0,SI,,,,
03/06/2024SPA-K3-7,03/06/2024,23,SPA,K3-7,17,7,Normal,4,"1,235,000.00",0,SI,,,,
03/06/2024SPA-K7,03/06/2024,23,SPA,K7,4,0,Normal,0,0,0,NO,,,,
03/06/2024SPA-CU-8,03/06/2024,23,SPA,CU-8,0,0,Normal,0,0,0,NO,,,,
03/06/2024SPA-PRO2,03/06/2024,23,SPA,PRO2,0,0,Normal,0,0,0,NO,,,,
03/06/2024STA-AL8,03/06/2024,23,STA,AL8,40,5,Normal,3,"630,000.00",0,SI,,,,
03/06/2024STA-LI3,03/06/2024,23,STA,LI3,16,15,Normal,6,"570,000.00",0,SI,,,,
03/06/2024STA-MS-7,03/06/2024,23,STA,MS-7,0,0,Normal,0,0,0,NO,,,,
10/06/2024CBR-BR2,10/06/2024,24,CBR,BR2,0,0,Normal,0,0,0,NO,,,,
10/06/2024CBR-COR3,10/06/2024,24,CBR,COR3,10,1,Normal,0,0,0,NO,,,,
10/06/2024CBR-VIS2,10/06/2024,24,CBR,VIS2,21,0,Normal,0,0,0,NO,,,,
10/06/2024ALS-IB-3N,10/06/2024,24,ALS,IB-3N,10,1,Normal,0,0,0,NO,,,,
10/06/2024ALS-IB-6,10/06/2024,24,ALS,IB-6,12,2,Normal,1,"2,910,000.00",0,SI,,,,
10/06/2024MTA-ATT2,10/06/2024,24,MTA,ATT2,66,2,Normal,2,"3,475,000.00",0,SI,,,,
10/06/2024NOV-AMA,10/06/2024,24,NOV,AMA,20,1,Normal,0,0,0,NO,,,,
10/06/2024NOV-AMD,10/06/2024,24,NOV,AMD,8,3,Normal,0,0,0,NO,,,,
10/06/2024RAL-L-TS3,10/06/2024,24,RAL,L-TS3,50,6,Normal,1,"1,565,000.00",0,SI,,,,
10/06/2024RAL-L-VAL,10/06/2024,24,RAL,L-VAL,6,0,Normal,0,0,0,NO,,,,
10/06/2024LFA-CU-8,10/06/2024,24,LFA,CU-8,35,16,Normal,5,"1,080,000.00",0,SI,,,,
10/06/2024LFA-K7,10/06/2024,24,LFA,K7,0,0,Normal,2,"1,350,000.00",0,SI,,,,
10/06/2024LFA-MS8,10/06/2024,24,LFA,MS8,0,0,Normal,1,"850,000.00",0,SI,,,,
10/06/2024LFA-K3-7,10/06/2024,24,LFA,K3-7,0,3,Normal,0,0,0,NO,,,,
10/06/2024SPA-K3-7,10/06/2024,24,SPA,K3-7,15,3,Normal,0,0,0,NO,,,,
10/06/2024SPA-K7,10/06/2024,24,SPA,K7,5,0,Normal,0,0,0,NO,,,,
10/06/2024SPA-CU-8,10/06/2024,24,SPA,CU-8,0,0,Normal,0,0,0,NO,,,,
10/06/2024SPA-PRO2,10/06/2024,24,SPA,PRO2,0,0,Normal,0,0,0,NO,,,,
10/06/2024STA-AL8,10/06/2024,24,STA,AL8,0,4,Normal,1,"630,000.00",0,SI,,,,
10/06/2024STA-LI3,10/06/2024,24,STA,LI3,41,6,Normal,5,"580,000.00",0,SI,,,,
10/06/2024STA-MS-7,10/06/2024,24,STA,MS-7,0,0,Normal,0,0,0,NO,,,,
17/06/2024CBR-BR2,17/06/2024,25,CBR,BR2,0,0,Normal,0,0,0,NO,,,,
17/06/2024CBR-COR3,17/06/2024,25,CBR,COR3,12,0,Normal,0,0,0,NO,,,,
17/06/2024CBR-VIS2,17/06/2024,25,CBR,VIS2,16,1,Normal,1,"2,640,000.00",0,SI,,,,
17/06/2024ALS-IB-3N,17/06/2024,25,ALS,IB-3N,11,3,Normal,0,0,0,NO,,,,
17/06/2024ALS-IB-6,17/06/2024,25,ALS,IB-6,20,4,Normal,1,"2,910,000.00",0,SI,,,,
17/06/2024MTA-ATT2,17/06/2024,25,MTA,ATT2,54,5,Normal,3,"3,475,000.00",0,SI,,,,
17/06/2024NOV-AMA,17/06/2024,25,NOV,AMA,33,1,Normal,0,0,0,NO,,,,
17/06/2024NOV-AMD,17/06/2024,25,NOV,AMD,20,6,Normal,1,"4,165,000.00",0,SI,,,,
17/06/2024RAL-L-TS3,17/06/2024,25,RAL,L-TS3,43,5,Normal,4,"1,565,000.00",0,SI,,,,
17/06/2024RAL-L-VAL,17/06/2024,25,RAL,L-VAL,10,0,Normal,0,0,0,NO,,,,
17/06/2024LFA-CU-8,17/06/2024,25,LFA,CU-8,23,10,Normal,3,"1,080,000.00",0,SI,,,,
17/06/2024LFA-K7,17/06/2024,25,LFA,K7,0,1,Normal,1,"1,350,000.00",0,SI,,,,
17/06/2024LFA-MS8,17/06/2024,25,LFA,MS8,0,0,Normal,0,0,0,NO,,,,
17/06/2024LFA-K3-7,17/06/2024,25,LFA,K3-7,10,1,Normal,2,"1,220,000.00",0,SI,,,,
17/06/2024SPA-K3-7,17/06/2024,25,SPA,K3-7,17,10,Normal,5,"1,235,000.00",0,SI,,,,
17/06/2024SPA-K7,17/06/2024,25,SPA,K7,0,1,Normal,2,"1,530,000.00",0,SI,,,,
17/06/2024SPA-CU-8,17/06/2024,25,SPA,CU-8,0,1,Normal,0,0,0,NO,,,,
17/06/2024SPA-PRO2,17/06/2024,25,SPA,PRO2,0,0,Normal,0,0,0,NO,,,,
17/06/2024STA-AL8,17/06/2024,25,STA,AL8,0,0,Normal,0,0,0,NO,,,,
17/06/2024STA-LI3,17/06/2024,25,STA,LI3,53,10,Normal,3,"580,000.00",0,SI,,,,
17/06/2024STA-MS-7,17/06/2024,25,STA,MS-7,0,0,Normal,0,0,0,NO,,,,
24/06/2024CBR-BR2,24/06/2024,26,CBR,BR2,8,0,Normal,1,"2,805,000.00",0,SI,,,,
24/06/2024CBR-COR3,24/06/2024,26,CBR,COR3,20,3,Normal,2,"2,555,000.00",0,SI,,,,
24/06/2024CBR-VIS2,24/06/2024,26,CBR,VIS2,12,2,Normal,1,"2,640,000.00",0,SI,,,,
24/06/2024ALS-IB-3N,24/06/2024,26,ALS,IB-3N,10,3,Normal,0,0,0,NO,,,,
24/06/2024ALS-IB-6,24/06/2024,26,ALS,IB-6,15,0,Normal,1,"2,910,000.00",0,SI,,,,
24/06/2024MTA-ATT2,24/06/2024,26,MTA,ATT2,61,2,Normal,1,"3,475,000.00",0,SI,,,,
24/06/2024NOV-AMA,24/06/2024,26,NOV,AMA,34,5,Normal,1,"4,040,000.00",0,SI,,,,
24/06/2024NOV-AMD,24/06/2024,26,NOV,AMD,12,5,Normal,0,0,0,NO,,,,
24/06/2024RAL-L-TS3,24/06/2024,26,RAL,L-TS3,53,4,Normal,1,"1,565,000.00",0,SI,,,,
24/06/2024RAL-L-VAL,24/06/2024,26,RAL,L-VAL,0,0,Normal,0,0,0,NO,,,,
24/06/2024LFA-CU-8,24/06/2024,26,LFA,CU-8,8,20,Normal,6,"1,080,000.00",0,SI,,,,
24/06/2024LFA-K7,24/06/2024,26,LFA,K7,0,3,Normal,0,0,0,NO,,,,
24/06/2024LFA-MS8,24/06/2024,26,LFA,MS8,0,0,Normal,0,0,0,NO,,,,
24/06/2024LFA-K3-7,24/06/2024,26,LFA,K3-7,25,3,Normal,5,"1,220,000.00",0,SI,,,,
24/06/2024SPA-K3-7,24/06/2024,26,SPA,K3-7,19,9,Normal,6,"1,255,000.00",0,SI,,,,
24/06/2024SPA-K7,24/06/2024,26,SPA,K7,0,3,Normal,1,"1,530,000.00",0,SI,,,,
24/06/2024SPA-CU-8,24/06/2024,26,SPA,CU-8,0,0,Normal,0,0,0,NO,,,,
24/06/2024SPA-PRO2,24/06/2024,26,SPA,PRO2,0,0,Normal,0,0,0,NO,,,,
24/06/2024STA-AL8,24/06/2024,26,STA,AL8,0,0,Normal,0,0,0,NO,,,,
24/06/2024STA-LI3,24/06/2024,26,STA,LI3,41,15,Normal,6,"580,000.00",0,SI,,,,
24/06/2024STA-MS-7,24/06/2024,26,STA,MS-7,0,0,Normal,0,0,0,NO,,,,
01/07/2024CBR-BR2,01/07/2024,27,CBR,BR2,0,1,Normal,2,"2,805,000.00",0,SI,,,,
01/07/2024CBR-COR3,01/07/2024,27,CBR,COR3,33,1,Normal,1,"2,605,000.00",0,SI,,,,
01/07/2024CBR-VIS2,01/07/2024,27,CBR,VIS2,22,3,Normal,1,"2,648,000.00",0,SI,,,,
01/07/2024ALS-IB-3N,01/07/2024,27,ALS,IB-3N,15,1,Normal,0,0,0,NO,,,,
01/07/2024ALS-IB-6,01/07/2024,27,ALS,IB-6,15,1,Normal,0,0,0,NO,,,,
01/07/2024MTA-ATT2,01/07/2024,27,MTA,ATT2,64,4,Normal,4,"3,475,000.00",0,SI,,,,
01/07/2024NOV-AMA,01/07/2024,27,NOV,AMA,9,4,Normal,1,"4,040,000.00",0,SI,,,,
01/07/2024NOV-AMD,01/07/2024,27,NOV,AMD,39,8,Normal,1,"4,165,000.00",0,SI,,,,
01/07/2024RAL-L-TS3,01/07/2024,27,RAL,L-TS3,47,10,Normal,2,"1,570,000.00",0,SI,,,,
01/07/2024RAL-L-VAL,01/07/2024,27,RAL,L-VAL,0,2,Normal,0,0,0,NO,,,,
01/07/2024LFA-CU-8,01/07/2024,27,LFA,CU-8,30,20,Normal,9,"1,080,000.00",0,SI,,,,
01/07/2024LFA-K7,01/07/2024,27,LFA,K7,0,1,Normal,0,0,0,NO,,,,
01/07/2024LFA-MS8,01/07/2024,27,LFA,MS8,0,0,Normal,0,0,0,NO,,,,
01/07/2024LFA-K3-7,01/07/2024,27,LFA,K3-7,9,4,Normal,1,"1,220,000.00",0,SI,,,,
01/07/2024SPA-K3-7,01/07/2024,27,SPA,K3-7,15,1,Normal,0,0,0,NO,,,,
01/07/2024SPA-K7,01/07/2024,27,SPA,K7,0,4,Normal,3,"1,530,000.00",0,SI,,,,
01/07/2024SPA-CU-8,01/07/2024,27,SPA,CU-8,0,0,Normal,0,0,0,NO,,,,
01/07/2024SPA-PRO2,01/07/2024,27,SPA,PRO2,2,0,Normal,0,0,0,NO,,,,
01/07/2024STA-AL8,01/07/2024,27,STA,AL8,0,6,Normal,1,"667,000.00",0,SI,,,,
01/07/2024STA-LI3,01/07/2024,27,STA,LI3,70,19,Normal,10,"595,000.00",0,SI,,,,
01/07/2024STA-MS-7,01/07/2024,27,STA,MS-7,6,0,Normal,0,0,0,NO,,,,
08/07/2024CBR-BR2,08/07/2024,28,CBR,BR2,0,1,Normal,1,"2,805,000.00",0,SI,,,,
08/07/2024CBR-COR3,08/07/2024,28,CBR,COR3,30,2,Normal,1,"2,605,000.00",0,SI,,,,
08/07/2024CBR-VIS2,08/07/2024,28,CBR,VIS2,39,3,Normal,2,"2,648,000.00",0,SI,,,,
08/07/2024ALS-IB-3N,08/07/2024,28,ALS,IB-3N,10,3,Normal,0,0,0,NO,,,,
08/07/2024ALS-IB-6,08/07/2024,28,ALS,IB-6,13,4,Normal,3,"2,910,000.00",0,SI,,,,
08/07/2024MTA-ATT2,08/07/2024,28,MTA,ATT2,68,5,Normal,2,"3,475,000.00",0,SI,,,,
08/07/2024NOV-AMA,08/07/2024,28,NOV,AMA,50,6,Normal,1,"4,040,000.00",0,SI,,,,
08/07/2024NOV-AMD,08/07/2024,28,NOV,AMD,8,6,Normal,4,"4,165,000.00",0,SI,,,,
08/07/2024RAL-L-TS3,08/07/2024,28,RAL,L-TS3,64,5,Normal,3,"1,570,000.00",0,SI,,,,
08/07/2024RAL-L-VAL,08/07/2024,28,RAL,L-VAL,0,2,Normal,0,0,0,NO,,,,
08/07/2024LFA-CU-8,08/07/2024,28,LFA,CU-8,27,26,Normal,5,"1,080,000.00",0,SI,,,,
08/07/2024LFA-K7,08/07/2024,28,LFA,K7,0,0,Normal,2,0,0,SI,,,,
08/07/2024LFA-MS8,08/07/2024,28,LFA,MS8,0,0,Normal,0,0,0,NO,,,,
08/07/2024LFA-K3-7,08/07/2024,28,LFA,K3-7,29,2,Normal,6,"1,220,000.00",0,SI,,,,
08/07/2024SPA-K3-7,08/07/2024,28,SPA,K3-7,17,4,Normal,2,"1,255,000.00",0,SI,,,,
08/07/2024SPA-K7,08/07/2024,28,SPA,K7,0,1,Normal,0,0,0,NO,,,,
08/07/2024SPA-CU-8,08/07/2024,28,SPA,CU-8,0,0,Normal,0,0,0,NO,,,,
08/07/2024SPA-PRO2,08/07/2024,28,SPA,PRO2,0,0,Normal,0,0,0,NO,,,,
08/07/2024STA-AL8,08/07/2024,28,STA,AL8,22,1,Normal,0,0,0,NO,,,,
08/07/2024STA-LI3,08/07/2024,28,STA,LI3,47,16,Normal,8,"595,000.00",0,SI,,,,
08/07/2024STA-MS-7,08/07/2024,28,STA,MS-7,0,0,Normal,0,0,0,NO,,,,
15/07/2024CBR-BR2,15/07/2024,29,CBR,BR2,0,0,Normal,1,"2,805,000.00",0,SI,,,,
15/07/2024CBR-COR3,15/07/2024,29,CBR,COR3,12,2,Normal,1,"2,608,000.00",0,SI,,,,
15/07/2024CBR-VIS2,15/07/2024,29,CBR,VIS2,38,4,Normal,0,0,0,NO,,,,
15/07/2024ALS-IB-3N,15/07/2024,29,ALS,IB-3N,12,1,Normal,0,0,0,NO,,,,
15/07/2024ALS-IB-6,15/07/2024,29,ALS,IB-6,20,5,Normal,3,"2,910,000.00",0,SI,,,,
15/07/2024MTA-ATT2,15/07/2024,29,MTA,ATT2,46,5,Normal,1,"3,475,000.00",0,SI,,,,
15/07/2024NOV-AMA,15/07/2024,29,NOV,AMA,50,2,Normal,2,"4,040,000.00",0,SI,,,,
15/07/2024NOV-AMD,15/07/2024,29,NOV,AMD,8,4,Normal,4,"4,165,000.00",0,SI,,,,
15/07/2024RAL-L-TS3,15/07/2024,29,RAL,L-TS3,56,4,Normal,0,0,0,NO,,,,
15/07/2024RAL-L-VAL,15/07/2024,29,RAL,L-VAL,0,1,Normal,0,0,0,NO,,,,
15/07/2024LFA-CU-8,15/07/2024,29,LFA,CU-8,40,12,Normal,2,"1,220,000.00",0,SI,,,,
15/07/2024LFA-K7,15/07/2024,29,LFA,K7,6,0,Normal,0,0,0,NO,,,,
15/07/2024LFA-MS8,15/07/2024,29,LFA,MS8,0,0,Normal,0,0,0,NO,,,,
15/07/2024LFA-K3-7,15/07/2024,29,LFA,K3-7,0,6,Normal,3,"1,220,000.00",0,SI,,,,
15/07/2024SPA-K3-7,15/07/2024,29,SPA,K3-7,27,4,Normal,5,"1,255,000.00",0,SI,,,,
15/07/2024SPA-K7,15/07/2024,29,SPA,K7,0,0,Normal,0,0,0,NO,,,,
15/07/2024SPA-CU-8,15/07/2024,29,SPA,CU-8,0,0,Normal,0,0,0,NO,,,,
15/07/2024SPA-PRO2,15/07/2024,29,SPA,PRO2,0,3,Normal,0,0,0,NO,,,,
15/07/2024STA-AL8,15/07/2024,29,STA,AL8,6,0,Normal,2,"667,000.00",0,SI,,,,
15/07/2024STA-LI3,15/07/2024,29,STA,LI3,42,13,Normal,5,"616,450.00",0,SI,,,,
15/07/2024STA-MS-7,15/07/2024,29,STA,MS-7,0,0,Normal,0,0,0,NO,,,,
22/07/2024CBR-BR2,22/07/2024,30,CBR,BR2,3,0,Normal,0,0,0,NO,,,,
22/07/2024CBR-COR3,22/07/2024,30,CBR,COR3,6,0,Normal,1,"2,608,000.00",0,SI,,,,
22/07/2024CBR-VIS2,22/07/2024,30,CBR,VIS2,40,1,Normal,0,0,0,NO,,,,
22/07/2024ALS-IB-3N,22/07/2024,30,ALS,IB-3N,12,1,Normal,0,0,0,NO,,,,
22/07/2024ALS-IB-6,22/07/2024,30,ALS,IB-6,20,5,Normal,1,"2,910,000.00",0,SI,,,,
22/07/2024MTA-ATT2,22/07/2024,30,MTA,ATT2,50,5,Normal,4,"3,475,000.00",0,SI,,,,
22/07/2024NOV-AMA,22/07/2024,30,NOV,AMA,40,4,Normal,1,"4,040,000.00",0,SI,,,,
22/07/2024NOV-AMD,22/07/2024,30,NOV,AMD,28,5,Normal,0,0,0,NO,,,,
22/07/2024RAL-L-TS3,22/07/2024,30,RAL,L-TS3,48,4,Normal,0,0,0,NO,,,,
22/07/2024RAL-L-VAL,22/07/2024,30,RAL,L-VAL,0,0,Normal,0,0,0,NO,,,,
22/07/2024LFA-CU-8,22/07/2024,30,LFA,CU-8,40,18,Normal,8,"1,220,000.00",0,SI,,,,
22/07/2024LFA-K7,22/07/2024,30,LFA,K7,7,1,Normal,0,0,0,NO,,,,
22/07/2024LFA-MS8,22/07/2024,30,LFA,MS8,0,1,Normal,0,0,0,NO,,,,
22/07/2024LFA-K3-7,22/07/2024,30,LFA,K3-7,0,3,Normal,1,"1,220,000.00",0,SI,,,,
22/07/2024SPA-K3-7,22/07/2024,30,SPA,K3-7,0,8,Normal,4,"1,255,000.00",0,SI,,,,
22/07/2024SPA-K7,22/07/2024,30,SPA,K7,0,0,Normal,0,0,0,NO,,,,
22/07/2024SPA-CU-8,22/07/2024,30,SPA,CU-8,0,0,Normal,0,0,0,NO,,,,
22/07/2024SPA-PRO2,22/07/2024,30,SPA,PRO2,0,0,Normal,0,0,0,NO,,,,
22/07/2024STA-AL8,22/07/2024,30,STA,AL8,0,4,Normal,2,"667,000.00",0,SI,,,,
22/07/2024STA-LI3,22/07/2024,30,STA,LI3,0,7,Normal,4,"616,450.00",0,SI,,,,
22/07/2024STA-MS-7,22/07/2024,30,STA,MS-7,0,0,Normal,0,0,0,NO,,,,
29/07/2024CBR-BR2,29/07/2024,31,CBR,BR2,23,0,Normal,0,0,0,NO,,,,
29/07/2024CBR-COR3,29/07/2024,31,CBR,COR3,0,2,Normal,3,"2,608,000.00",0,SI,,,,
29/07/2024CBR-VIS2,29/07/2024,31,CBR,VIS2,33,0,Normal,1,"2,648,000.00",0,SI,,,,
29/07/2024ALS-IB-3N,29/07/2024,31,ALS,IB-3N,19,2,Normal,0,0,0,NO,,,,
29/07/2024ALS-IB-6,29/07/2024,31,ALS,IB-6,20,13,Normal,1,"2,910,000.00",0,SI,,,,
29/07/2024MTA-ATT2,29/07/2024,31,MTA,ATT2,60,8,Normal,0,0,0,NO,,,,
29/07/2024NOV-AMA,29/07/2024,31,NOV,AMA,37,8,Normal,1,"4,045,000.00",0,SI,,,,
29/07/2024NOV-AMD,29/07/2024,31,NOV,AMD,14,4,Normal,3,"4,185,000.00",0,SI,,,,
29/07/2024RAL-L-TS3,29/07/2024,31,RAL,L-TS3,49,4,Normal,0,0,0,NO,,,,
29/07/2024RAL-L-VAL,29/07/2024,31,RAL,L-VAL,0,0,Normal,0,0,0,NO,,,,
29/07/2024LFA-CU-8,29/07/2024,31,LFA,CU-8,53,7,Normal,2,"1,080,000.00",0,SI,,,,
29/07/2024LFA-K7,29/07/2024,31,LFA,K7,0,0,Normal,1,"1,350,000.00",0,SI,,,,
29/07/2024LFA-MS8,29/07/2024,31,LFA,MS8,0,1,Normal,0,0,0,NO,,,,
29/07/2024LFA-K3-7,29/07/2024,31,LFA,K3-7,0,1,Normal,0,0,0,NO,,,,
29/07/2024SPA-K3-7,29/07/2024,31,SPA,K3-7,0,0,Normal,0,0,0,NO,,,,
29/07/2024SPA-K7,29/07/2024,31,SPA,K7,0,0,Normal,0,0,0,NO,,,,
29/07/2024SPA-CU-8,29/07/2024,31,SPA,CU-8,0,0,Normal,0,0,0,NO,,,,
29/07/2024SPA-PRO2,29/07/2024,31,SPA,PRO2,0,0,Normal,0,0,0,NO,,,,
29/07/2024STA-AL8,29/07/2024,31,STA,AL8,0,0,Normal,0,0,0,NO,,,,
29/07/2024STA-LI3,29/07/2024,31,STA,LI3,0,0,Normal,0,0,0,NO,,,,
29/07/2024STA-MS-7,29/07/2024,31,STA,MS-7,0,0,Normal,0,0,0,NO,,,,
05/08/2024CBR-BR2,05/08/2024,32,CBR,BR2,5,2,Normal,1,"2,805,000.00",0,SI,,,,
05/08/2024CBR-COR3,05/08/2024,32,CBR,COR3,3,1,Normal,0,0,0,NO,,,,
05/08/2024CBR-VIS2,05/08/2024,32,CBR,VIS2,49,1,Normal,2,"2,648,000.00",0,SI,,,,
05/08/2024ALS-IB-3N,05/08/2024,32,ALS,IB-3N,20,0,Normal,0,0,0,NO,,,,
05/08/2024ALS-IB-6,05/08/2024,32,ALS,IB-6,20,5,Normal,0,0,0,NO,,,,
05/08/2024MTA-ATT2,05/08/2024,32,MTA,ATT2,53,3,Normal,2,"3,490,000.00",0,SI,,,,
05/08/2024NOV-AMA,05/08/2024,32,NOV,AMA,0,9,Normal,4,"4,045,000.00",0,SI,,,,
05/08/2024NOV-AMD,05/08/2024,32,NOV,AMD,28,3,Normal,1,"4,185,000.00",0,SI,,,,
05/08/2024RAL-L-TS3,05/08/2024,32,RAL,L-TS3,35,5,Normal,4,"1,570,000.00",0,SI,,,,
05/08/2024RAL-L-VAL,05/08/2024,32,RAL,L-VAL,0,0,Normal,0,0,0,NO,,,,
05/08/2024LFA-CU-8,05/08/2024,32,LFA,CU-8,32,10,Normal,6,"1,080,000.00",0,SI,,,,
05/08/2024LFA-K7,05/08/2024,32,LFA,K7,0,0,Normal,0,0,0,NO,,,,
05/08/2024LFA-MS8,05/08/2024,32,LFA,MS8,0,1,Normal,0,0,0,NO,,,,
05/08/2024LFA-K3-7,05/08/2024,32,LFA,K3-7,0,1,Normal,2,"1,220,000.00",0,SI,,,,
05/08/2024SPA-K3-7,05/08/2024,32,SPA,K3-7,20,4,Normal,2,"1,255,000.00",0,SI,,,,
05/08/2024SPA-K7,05/08/2024,32,SPA,K7,0,1,Normal,1,"1,530,000.00",0,SI,,,,
05/08/2024SPA-CU-8,05/08/2024,32,SPA,CU-8,0,0,Normal,0,0,0,NO,,,,
05/08/2024SPA-PRO2,05/08/2024,32,SPA,PRO2,7,0,Normal,0,0,0,NO,,,,
05/08/2024STA-AL8,05/08/2024,32,STA,AL8,8,1,Normal,1,"667,000.00",0,SI,,,,
05/08/2024STA-LI3,05/08/2024,32,STA,LI3,47,10,Normal,7,"616,450.00",0,SI,,,,
05/08/2024STA-MS-7,05/08/2024,32,STA,MS-7,0,0,Normal,0,0,0,NO,,,,
12/08/2024CBR-BR2,12/08/2024,33,CBR,BR2,9,2,Normal,0,0,0,NO,,,,
12/08/2024CBR-COR3,12/08/2024,33,CBR,COR3,11,2,Normal,0,0,0,NO,,,,
12/08/2024CBR-VIS2,12/08/2024,33,CBR,VIS2,43,0,Normal,1,"2,648,000.00",0,SI,,,,
12/08/2024ALS-IB-3N,12/08/2024,33,ALS,IB-3N,10,0,Normal,1,"3,250,000.00",0,SI,,,,
12/08/2024ALS-IB-6,12/08/2024,33,ALS,IB-6,25,5,Normal,2,"2,930,000.00",0,SI,,,,
12/08/2024MTA-ATT2,12/08/2024,33,MTA,ATT2,46,1,Normal,1,"3,490,000.00",0,SI,,,,
12/08/2024NOV-AMA,12/08/2024,33,NOV,AMA,13,7,Normal,1,"4,045,000.00",0,SI,,,,
12/08/2024NOV-AMD,12/08/2024,33,NOV,AMD,0,2,Normal,0,0,0,NO,,,,
12/08/2024RAL-L-TS3,12/08/2024,33,RAL,L-TS3,36,8,Normal,1,"1,570,000.00",0,SI,,,,
12/08/2024RAL-L-VAL,12/08/2024,33,RAL,L-VAL,0,1,Normal,0,0,0,NO,,,,
12/08/2024LFA-CU-8,12/08/2024,33,LFA,CU-8,38,15,Normal,4,"1,080,000.00",0,SI,,,,
12/08/2024LFA-K7,12/08/2024,33,LFA,K7,0,2,Normal,0,0,0,NO,,,,
12/08/2024LFA-MS8,12/08/2024,33,LFA,MS8,0,0,Normal,1,0,0,SI,,,,
12/08/2024LFA-K3-7,12/08/2024,33,LFA,K3-7,0,1,Normal,3,"1,220,000.00",0,SI,,,,
12/08/2024SPA-K3-7,12/08/2024,33,SPA,K3-7,33,5,Normal,1,"1,255,000.00",0,SI,,,,
12/08/2024SPA-K7,12/08/2024,33,SPA,K7,5,1,Normal,0,0,0,NO,,,,
12/08/2024SPA-CU-8,12/08/2024,33,SPA,CU-8,0,0,Normal,0,0,0,NO,,,,
12/08/2024SPA-PRO2,12/08/2024,33,SPA,PRO2,28,0,Normal,0,0,0,NO,,,,
12/08/2024STA-AL8,12/08/2024,33,STA,AL8,0,2,Normal,0,0,0,NO,,,,
12/08/2024STA-LI3,12/08/2024,33,STA,LI3,32,6,Normal,2,"616,450.00",0,SI,,,,
12/08/2024STA-MS-7,12/08/2024,33,STA,MS-7,0,0,Normal,0,0,0,NO,,,,
19/08/2024CBR-BR2,19/08/2024,34,CBR,BR2,37,3,Normal,1,"2,870,000.00",8,SI,,,,
19/08/2024CBR-COR3,19/08/2024,34,CBR,COR3,22,0,Normal,0,0,6,NO,,,,
19/08/2024CBR-VIS2,19/08/2024,34,CBR,VIS2,9,4,Normal,3,"2,675,000.00",11,SI,,,,
19/08/2024ALS-IB-3N,19/08/2024,34,ALS,IB-3N,15,0,Normal,0,0,16,NO,,,,
19/08/2024ALS-IB-6,19/08/2024,34,ALS,IB-6,20,9,Normal,1,"2,930,000.00",63,SI,,,,
19/08/2024MTA-ATT2,19/08/2024,34,MTA,ATT2,54,3,Normal,0,0,11,NO,,,,
19/08/2024NOV-AMA,19/08/2024,34,NOV,AMA,11,9,Normal,1,"4,145,000.00",11,SI,,,,
19/08/2024NOV-AMD,19/08/2024,34,NOV,AMD,0,1,Normal,2,"4,242,500.00",6,SI,,,,
19/08/2024RAL-L-TS3,19/08/2024,34,RAL,L-TS3,32,5,Normal,2,"1,596,000.00",13,SI,,,,
19/08/2024RAL-L-VAL,19/08/2024,34,RAL,L-VAL,0,0,Normal,0,0,1,NO,,,,
19/08/2024LFA-CU-8,19/08/2024,34,LFA,CU-8,50,11,Normal,3,"1,085,000.00",54,SI,,,,
19/08/2024LFA-K7,19/08/2024,34,LFA,K7,0,0,Normal,1,"1,350,000.00",1,SI,,,,
19/08/2024LFA-MS8,19/08/2024,34,LFA,MS8,0,1,Normal,0,0,0,NO,,,,
19/08/2024LFA-K3-7,19/08/2024,34,LFA,K3-7,4,0,Normal,1,"1,223,000.00",4,SI,,,,
19/08/2024SPA-K3-7,19/08/2024,34,SPA,K3-7,47,6,Normal,2,"1,255,000.00",40,SI,,,,
19/08/2024SPA-K7,19/08/2024,34,SPA,K7,0,0,Normal,1,"1,530,000.00",7,SI,,,,
19/08/2024SPA-CU-8,19/08/2024,34,SPA,CU-8,0,0,Normal,0,0,0,NO,,,,
19/08/2024SPA-PRO2,19/08/2024,34,SPA,PRO2,14,0,Normal,0,0,5,NO,,,,
19/08/2024STA-AL8,19/08/2024,34,STA,AL8,0,1,Normal,0,0,38,NO,,,,
19/08/2024STA-LI3,19/08/2024,34,STA,LI3,42,4,Normal,1,"626,450.00",65,SI,,,,
19/08/2024STA-MS-7,19/08/2024,34,STA,MS-7,0,0,Normal,0,0,0,NO,,,,
26/08/2024CBR-BR2,26/08/2024,35,CBR,BR2,1,2,Normal,1,"2,870,000.00",7,SI,,,,
26/08/2024CBR-COR3,26/08/2024,35,CBR,COR3,12,3,Normal,1,"2,675,000.00",5,SI,,,,
26/08/2024CBR-VIS2,26/08/2024,35,CBR,VIS2,37,3,Normal,2,"2,675,000.00",9,SI,,,,
26/08/2024ALS-IB-3N,26/08/2024,35,ALS,IB-3N,13,0,Normal,0,0,16,NO,,,,
26/08/2024ALS-IB-6,26/08/2024,35,ALS,IB-6,20,4,Normal,0,0,63,NO,,,,
26/08/2024MTA-ATT2,26/08/2024,35,MTA,ATT2,73,0,Normal,0,0,11,NO,,,,
26/08/2024NOV-AMA,26/08/2024,35,NOV,AMA,10,5,Normal,2,"4,145,000.00",8,SI,,,,
26/08/2024NOV-AMD,26/08/2024,35,NOV,AMD,0,3,Normal,2,"4,242,500.00",4,SI,,,,
26/08/2024RAL-L-TS3,26/08/2024,35,RAL,L-TS3,23,4,Normal,2,"1,596,000.00",11,SI,,,,
26/08/2024RAL-L-VAL,26/08/2024,35,RAL,L-VAL,0,0,Normal,1,"1,935,000.00",0,SI,,,,
26/08/2024LFA-CU-8,26/08/2024,35,LFA,CU-8,48,10,Normal,5,"1,085,000.00",50,SI,,,,
26/08/2024LFA-K7,26/08/2024,35,LFA,K7,0,0,Normal,1,"1,350,000.00",0,SI,,,,
26/08/2024LFA-MS8,26/08/2024,35,LFA,MS8,0,0,Normal,0,0,0,NO,,,,
26/08/2024LFA-K3-7,26/08/2024,35,LFA,K3-7,0,3,Normal,4,"1,223,000.00",2,SI,,,,
26/08/2024SPA-K3-7,26/08/2024,35,SPA,K3-7,38,3,Normal,2,"1,255,000.00",38,SI,,,,
26/08/2024SPA-K7,26/08/2024,35,SPA,K7,17,0,Normal,1,"1,530,000.00",6,SI,,,,
26/08/2024SPA-CU-8,26/08/2024,35,SPA,CU-8,0,0,Normal,0,0,0,NO,,,,
26/08/2024SPA-PRO2,26/08/2024,35,SPA,PRO2,18,0,Normal,0,0,5,NO,,,,
26/08/2024STA-AL8,26/08/2024,35,STA,AL8,0,0,Normal,0,0,38,NO,,,,
26/08/2024STA-LI3,26/08/2024,35,STA,LI3,23,2,Normal,0,0,65,NO,,,,
26/08/2024STA-MS-7,26/08/2024,35,STA,MS-7,0,0,Normal,0,0,0,NO,,,,
02/09/2024CBR-BR2,02/09/2024,36,CBR,BR2,27,1,Normal,0,0,7,NO,,,,
02/09/2024CBR-COR3,02/09/2024,36,CBR,COR3,0,5,Normal,3,"2,675,000.00",2,SI,,,,
02/09/2024CBR-VIS2,02/09/2024,36,CBR,VIS2,24,1,Normal,0,0,9,NO,,,,
02/09/2024ALS-IB-3N,02/09/2024,36,ALS,IB-3N,10,1,Normal,0,0,16,NO,,,,
02/09/2024ALS-IB-6,02/09/2024,36,ALS,IB-6,24,4,Normal,1,"2,930,000.00",63,SI,,,,
02/09/2024MTA-ATT2,02/09/2024,36,MTA,ATT2,64,5,Normal,0,0,12,NO,,,,
02/09/2024NOV-AMA,02/09/2024,36,NOV,AMA,29,4,Normal,0,0,8,NO,,,,
02/09/2024NOV-AMD,02/09/2024,36,NOV,AMD,0,2,Normal,2,"4,255,000.00",2,SI,,,,
02/09/2024RAL-L-TS3,02/09/2024,36,RAL,L-TS3,21,0,Normal,1,"1,609,000.00",11,SI,,,,
02/09/2024RAL-L-VAL,02/09/2024,36,RAL,L-VAL,0,0,Normal,0,0,0,NO,,,,
02/09/2024LFA-CU-8,02/09/2024,36,LFA,CU-8,32,22,Normal,8,"1,085,000.00",41,SI,,,,
02/09/2024LFA-K7,02/09/2024,36,LFA,K7,0,0,Normal,0,0,0,NO,,,,
02/09/2024LFA-MS8,02/09/2024,36,LFA,MS8,0,0,Normal,0,0,0,NO,,,,
02/09/2024LFA-K3-7,02/09/2024,36,LFA,K3-7,0,2,Normal,2,"1,223,000.00",1,SI,,,,
02/09/2024SPA-K3-7,02/09/2024,36,SPA,K3-7,57,7,Normal,3,"1,255,000.00",35,SI,,,,
02/09/2024SPA-K7,02/09/2024,36,SPA,K7,0,1,Normal,2,"1,530,000.00",4,SI,,,,
02/09/2024SPA-CU-8,02/09/2024,36,SPA,CU-8,12,0,Normal,0,0,0,NO,,,,
02/09/2024SPA-PRO2,02/09/2024,36,SPA,PRO2,8,0,Normal,0,0,5,NO,,,,
02/09/2024STA-AL8,02/09/2024,36,STA,AL8,0,1,Normal,0,0,40,NO,,,,
02/09/2024STA-LI3,02/09/2024,36,STA,LI3,23,3,Normal,3,"626,450.00",65,SI,,,,
02/09/2024STA-MS-7,02/09/2024,36,STA,MS-7,0,0,Normal,0,0,0,NO,,,,
09/09/2024CBR-BR2,09/09/2024,37,CBR,BR2,0,1,Normal,1,"2,910,000.00",6,SI,,,,
09/09/2024CBR-COR3,09/09/2024,37,CBR,COR3,0,3,Normal,2,"2,675,000.00",1,SI,,,,
09/09/2024CBR-VIS2,09/09/2024,37,CBR,VIS2,58,4,Normal,2,"2,690,000.00",8,SI,,,,
09/09/2024ALS-IB-3N,09/09/2024,37,ALS,IB-3N,17,1,Normal,0,0,16,NO,,,,
09/09/2024ALS-IB-6,09/09/2024,37,ALS,IB-6,20,5,Normal,1,"2,930,000.00",63,SI,,,,
09/09/2024MTA-ATT2,09/09/2024,37,MTA,ATT2,55,0,Normal,0,0,12,NO,,,,
09/09/2024NOV-AMA,09/09/2024,37,NOV,AMA,0,4,Normal,1,"4,165,000.00",7,SI,,,,
09/09/2024NOV-AMD,09/09/2024,37,NOV,AMD,17,1,Normal,0,0,2,NO,,,,
09/09/2024RAL-L-TS3,09/09/2024,37,RAL,L-TS3,0,2,Normal,2,"1,609,000.00",8,SI,,,,
09/09/2024RAL-L-VAL,09/09/2024,37,RAL,L-VAL,21,0,Normal,0,0,0,NO,,,,
09/09/2024LFA-CU-8,09/09/2024,37,LFA,CU-8,0,7,Normal,4,"1,095,000.00",36,SI,,,,
09/09/2024LFA-K7,09/09/2024,37,LFA,K7,0,0,Normal,0,0,0,NO,,,,
09/09/2024LFA-MS8,09/09/2024,37,LFA,MS8,0,0,Normal,0,0,0,NO,,,,
09/09/2024LFA-K3-7,09/09/2024,37,LFA,K3-7,38,3,Normal,1,"1,227,000.00",0,SI,,,,
09/09/2024SPA-K3-7,09/09/2024,37,SPA,K3-7,0,3,Normal,1,"1,255,000.00",34,SI,,,,
09/09/2024SPA-K7,09/09/2024,37,SPA,K7,0,3,Normal,3,"1,530,000.00",3,SI,,,,
09/09/2024SPA-CU-8,09/09/2024,37,SPA,CU-8,0,0,Normal,0,0,0,NO,,,,
09/09/2024SPA-PRO2,09/09/2024,37,SPA,PRO2,65,0,Normal,0,0,5,NO,,,,
09/09/2024STA-AL8,09/09/2024,37,STA,AL8,0,2,Normal,1,"677,000.00",38,SI,,,,
09/09/2024STA-LI3,09/09/2024,37,STA,LI3,0,5,Normal,3,"626,450.00",65,SI,,,,
09/09/2024STA-MS-7,09/09/2024,37,STA,MS-7,28,0,Normal,0,0,0,NO,,,,
16/09/2024CBR-BR2,16/09/2024,38,CBR,BR2,0,1,Normal,0,0,6,NO,,,,
16/09/2024CBR-COR3,16/09/2024,38,CBR,COR3,0,2,Normal,1,"2,675,000.00",1,SI,,,,
16/09/2024CBR-VIS2,16/09/2024,38,CBR,VIS2,49,1,Normal,1,"2,690,000.00",8,SI,,,,
16/09/2024ALS-IB-3N,16/09/2024,38,ALS,IB-3N,17,0,Normal,0,0,16,NO,,,,
16/09/2024ALS-IB-6,16/09/2024,38,ALS,IB-6,20,6,Normal,5,"2,930,000.00",63,SI,,,,
16/09/2024MTA-ATT2,16/09/2024,38,MTA,ATT2,67,3,Normal,1,"3,595,000.00",11,SI,,,,
16/09/2024NOV-AMA,16/09/2024,38,NOV,AMA,0,6,Normal,3,"4,165,000.00",4,SI,,,,
16/09/2024NOV-AMD,16/09/2024,38,NOV,AMD,9,0,Normal,0,0,2,NO,,,,
16/09/2024RAL-L-TS3,16/09/2024,38,RAL,L-TS3,0,3,Normal,3,"1,609,000.00",5,SI,,,,
16/09/2024RAL-L-VAL,16/09/2024,38,RAL,L-VAL,21,0,Normal,0,0,0,NO,,,,
16/09/2024LFA-CU-8,16/09/2024,38,LFA,CU-8,56,16,Normal,9,"1,095,000.00",28,SI,,,,
16/09/2024LFA-K7,16/09/2024,38,LFA,K7,0,1,Normal,1,"1,360,000.00",0,SI,,,,
16/09/2024LFA-MS8,16/09/2024,38,LFA,MS8,0,2,Normal,0,0,0,NO,,,,
16/09/2024LFA-K3-7,16/09/2024,38,LFA,K3-7,0,2,Normal,1,"1,227,000.00",0,SI,,,,
16/09/2024SPA-K3-7,16/09/2024,38,SPA,K3-7,0,7,Normal,1,"1,255,000.00",32,SI,,,,
16/09/2024SPA-K7,16/09/2024,38,SPA,K7,0,2,Normal,0,0,3,NO,,,,
16/09/2024SPA-CU-8,16/09/2024,38,SPA,CU-8,0,0,Normal,0,0,0,NO,,,,
16/09/2024SPA-PRO2,16/09/2024,38,SPA,PRO2,89,0,Normal,0,0,5,NO,,,,
16/09/2024STA-AL8,16/09/2024,38,STA,AL8,0,2,Normal,0,0,38,NO,,,,
16/09/2024STA-LI3,16/09/2024,38,STA,LI3,14,5,Normal,3,"626,450.00",65,SI,,,,
16/09/2024STA-MS-7,16/09/2024,38,STA,MS-7,0,0,Normal,0,0,0,NO,,,,
23/09/2024CBR-BR2,23/09/2024,39,CBR,BR2,10,1,Normal,1,"2,910,000.00",5,SI,,,,
23/09/2024CBR-COR3,23/09/2024,39,CBR,COR3,9,0,Normal,0,0,1,NO,,,,
23/09/2024CBR-VIS2,23/09/2024,39,CBR,VIS2,30,0,Normal,0,0,14,NO,,,,
23/09/2024ALS-IB-3N,23/09/2024,39,ALS,IB-3N,19,0,Normal,0,0,16,NO,,,,
23/09/2024ALS-IB-6,23/09/2024,39,ALS,IB-6,20,2,Normal,1,"2,930,000.00",63,SI,,,,
23/09/2024MTA-ATT2,23/09/2024,39,MTA,ATT2,70,6,Normal,1,"3,595,000.00",18,SI,,,,
23/09/2024NOV-AMA,23/09/2024,39,NOV,AMA,0,4,Normal,2,"4,165,000.00",2,SI,,,,
23/09/2024NOV-AMD,23/09/2024,39,NOV,AMD,7,2,Normal,0,0,2,NO,,,,
23/09/2024RAL-L-TS3,23/09/2024,39,RAL,L-TS3,28,4,Normal,1,"1,609,000.00",4,SI,,,,
23/09/2024RAL-L-VAL,23/09/2024,39,RAL,L-VAL,0,0,Normal,0,0,0,NO,,,,
23/09/2024LFA-CU-8,23/09/2024,39,LFA,CU-8,43,6,Normal,6,"1,105,000.00",10,SI,,,,
23/09/2024LFA-K7,23/09/2024,39,LFA,K7,0,0,Normal,0,0,0,NO,,,,
23/09/2024LFA-MS8,23/09/2024,39,LFA,MS8,0,1,Normal,0,0,0,NO,,,,
23/09/2024LFA-K3-7,23/09/2024,39,LFA,K3-7,0,2,Normal,1,"1,227,000.00",0,SI,,,,
23/09/2024SPA-K3-7,23/09/2024,39,SPA,K3-7,44,10,Normal,7,"1,255,000.00",25,SI,,,,
23/09/2024SPA-K7,23/09/2024,39,SPA,K7,10,4,Normal,1,"1,530,000.00",2,SI,,,,
23/09/2024SPA-CU-8,23/09/2024,39,SPA,CU-8,0,0,Normal,0,0,0,NO,,,,
23/09/2024SPA-PRO2,23/09/2024,39,SPA,PRO2,10,0,Normal,0,0,5,NO,,,,
23/09/2024STA-AL8,23/09/2024,39,STA,AL8,17,1,Normal,0,0,38,NO,,,,
23/09/2024STA-LI3,23/09/2024,39,STA,LI3,0,3,Normal,1,"626,450.00",65,SI,,,,
23/09/2024STA-MS-7,23/09/2024,39,STA,MS-7,0,0,Normal,0,0,0,NO,,,,
30/09/2024CBR-BR2,30/09/2024,40,CBR,BR2,20,0,Normal,0,0,6,NO,,,,
30/09/2024CBR-COR3,30/09/2024,40,CBR,COR3,5,1,Normal,1,"2,675,000.00",1,SI,,,,
30/09/2024CBR-VIS2,30/09/2024,40,CBR,VIS2,20,5,Normal,1,"2,690,000.00",13,SI,,,,
30/09/2024ALS-IB-3N,30/09/2024,40,ALS,IB-3N,16,0,Normal,0,0,16,NO,,,,
30/09/2024ALS-IB-6,30/09/2024,40,ALS,IB-6,20,3,Normal,1,"2,930,000.00",63,SI,,,,
30/09/2024MTA-ATT2,30/09/2024,40,MTA,ATT2,55,6,Normal,2,"3,595,000.00",14,SI,,,,
30/09/2024NOV-AMA,30/09/2024,40,NOV,AMA,0,2,Normal,0,0,2,NO,,,,
30/09/2024NOV-AMD,30/09/2024,40,NOV,AMD,12,4,Normal,0,0,2,NO,,,,
30/09/2024RAL-L-TS3,30/09/2024,40,RAL,L-TS3,26,4,Normal,2,"1,620,000.00",4,SI,,,,
30/09/2024RAL-L-VAL,30/09/2024,40,RAL,L-VAL,0,0,Normal,0,0,0,NO,,,,
30/09/2024LFA-CU-8,30/09/2024,40,LFA,CU-8,52,17,Normal,8,"1,105,000.00",7,SI,,,,
30/09/2024LFA-K7,30/09/2024,40,LFA,K7,0,0,Normal,0,0,0,NO,,,,
30/09/2024LFA-MS8,30/09/2024,40,LFA,MS8,0,0,Normal,0,0,0,NO,,,,
30/09/2024LFA-K3-7,30/09/2024,40,LFA,K3-7,0,0,Normal,1,"1,227,000.00",0,SI,,,,
30/09/2024SPA-K3-7,30/09/2024,40,SPA,K3-7,60,4,Normal,4,"1,255,000.00",26,SI,,,,
30/09/2024SPA-K7,30/09/2024,40,SPA,K7,0,3,Normal,3,"1,530,000.00",2,SI,,,,
30/09/2024SPA-CU-8,30/09/2024,40,SPA,CU-8,0,0,Normal,0,0,0,NO,,,,
30/09/2024SPA-PRO2,30/09/2024,40,SPA,PRO2,24,0,Normal,0,0,5,NO,,,,
30/09/2024STA-AL8,30/09/2024,40,STA,AL8,7,2,Normal,0,0,38,NO,,,,
30/09/2024STA-LI3,30/09/2024,40,STA,LI3,10,4,Normal,4,"626,450.00",65,SI,,,,
30/09/2024STA-MS-7,30/09/2024,40,STA,MS-7,0,0,Normal,0,0,0,NO,,,,
07/10/2024CBR-BR2,07/10/2024,41,CBR,BR2,30,1,Normal,0,0,6,NO,,,,
07/10/2024CBR-COR3,07/10/2024,41,CBR,COR3,0,2,Normal,1,"2,725,000.00",0,SI,,,,
07/10/2024CBR-VIS2,07/10/2024,41,CBR,VIS2,20,1,Normal,1,"2,710,000.00",13,SI,,,,
07/10/2024ALS-IB-3N,07/10/2024,41,ALS,IB-3N,14,0,Normal,0,0,16,NO,,,,
07/10/2024ALS-IB-6,07/10/2024,41,ALS,IB-6,20,3,Normal,0,0,63,NO,,,,
07/10/2024MTA-ATT2,07/10/2024,41,MTA,ATT2,63,3,Normal,3,"3,620,000.00",11,SI,,,,
07/10/2024NOV-AMA,07/10/2024,41,NOV,AMA,4,4,Normal,0,0,4,NO,,,,
07/10/2024NOV-AMD,07/10/2024,41,NOV,AMD,4,3,Normal,0,0,2,NO,,,,
07/10/2024RAL-L-TS3,07/10/2024,41,RAL,L-TS3,20,2,Normal,2,"1,620,000.00",2,SI,,,,
07/10/2024RAL-L-VAL,07/10/2024,41,RAL,L-VAL,0,1,Normal,0,0,0,NO,,,,
07/10/2024LFA-CU-8,07/10/2024,41,LFA,CU-8,40,17,Normal,8,"1,105,000.00",1,SI,,,,
07/10/2024LFA-K7,07/10/2024,41,LFA,K7,0,1,Normal,0,0,0,NO,,,,
07/10/2024LFA-MS8,07/10/2024,41,LFA,MS8,0,1,Normal,0,0,0,NO,,,,
07/10/2024LFA-K3-7,07/10/2024,41,LFA,K3-7,0,0,Normal,1,"1,227,000.00",0,SI,,,,
07/10/2024SPA-K3-7,07/10/2024,41,SPA,K3-7,50,11,Normal,4,"1,255,000.00",17,SI,,,,
07/10/2024SPA-K7,07/10/2024,41,SPA,K7,7,1,Normal,2,"1,530,000.00",2,SI,,,,
07/10/2024SPA-CU-8,07/10/2024,41,SPA,CU-8,0,0,Normal,0,0,0,NO,,,,
07/10/2024SPA-PRO2,07/10/2024,41,SPA,PRO2,30,1,Normal,0,0,5,NO,,,,
07/10/2024STA-AL8,07/10/2024,41,STA,AL8,0,1,Normal,0,0,38,NO,,,,
07/10/2024STA-LI3,07/10/2024,41,STA,LI3,16,3,Normal,4,"626,450.00",65,SI,,,,
07/10/2024STA-MS-7,07/10/2024,41,STA,MS-7,0,0,Normal,0,0,0,NO,,,,
14/10/2024CBR-BR2,14/10/2024,42,CBR,BR2,20,1,Normal,0,0,6,NO,,,,
14/10/2024CBR-COR3,14/10/2024,42,CBR,COR3,6,0,Normal,0,0,1,NO,,,,
14/10/2024CBR-VIS2,14/10/2024,42,CBR,VIS2,20,1,Normal,0,0,13,NO,,,,
14/10/2024ALS-IB-3N,14/10/2024,42,ALS,IB-3N,17,0,Normal,0,0,16,NO,,,,
14/10/2024ALS-IB-6,14/10/2024,42,ALS,IB-6,20,5,Normal,1,"2,930,000.00",63,SI,,,,
14/10/2024MTA-ATT2,14/10/2024,42,MTA,ATT2,69,0,Normal,1,"3,620,000.00",9,SI,,,,
14/10/2024NOV-AMA,14/10/2024,42,NOV,AMA,6,0,Normal,2,"4,195,000.00",2,SI,,,,
14/10/2024NOV-AMD,14/10/2024,42,NOV,AMD,3,1,Normal,0,0,2,NO,,,,
14/10/2024RAL-L-TS3,14/10/2024,42,RAL,L-TS3,34,4,Normal,1,"1,620,000.00",1,SI,,,,
14/10/2024RAL-L-VAL,14/10/2024,42,RAL,L-VAL,0,0,Normal,0,0,0,NO,,,,
14/10/2024LFA-CU-8,14/10/2024,42,LFA,CU-8,14,5,Normal,0,0,1,NO,,,,
14/10/2024LFA-K7,14/10/2024,42,LFA,K7,6,0,Normal,0,0,0,NO,,,,
14/10/2024LFA-MS8,14/10/2024,42,LFA,MS8,5,2,Normal,0,0,0,NO,,,,
14/10/2024LFA-K3-7,14/10/2024,42,LFA,K3-7,6,0,Normal,0,0,0,NO,,,,
14/10/2024SPA-K3-7,14/10/2024,42,SPA,K3-7,50,6,Normal,6,"1,255,000.00",13,SI,,,,
14/10/2024SPA-K7,14/10/2024,42,SPA,K7,10,4,Normal,3,"1,530,000.00",2,SI,,,,
14/10/2024SPA-CU-8,14/10/2024,42,SPA,CU-8,0,1,Normal,0,0,0,NO,,,,
14/10/2024SPA-PRO2,14/10/2024,42,SPA,PRO2,13,0,Normal,0,0,4,NO,,,,
14/10/2024STA-AL8,14/10/2024,42,STA,AL8,0,0,Normal,0,0,38,NO,,,,
14/10/2024STA-LI3,14/10/2024,42,STA,LI3,8,3,Normal,2,"626,450.00",65,SI,,,,
14/10/2024STA-MS-7,14/10/2024,42,STA,MS-7,0,0,Normal,0,0,0,NO,,,,
21/10/2024CBR-BR2,21/10/2024,43,CBR,BR2,20,0,Normal,0,0,6,NO,,,,
21/10/2024CBR-COR3,21/10/2024,43,CBR,COR3,6,0,Normal,0,0,1,NO,,,,
21/10/2024CBR-VIS2,21/10/2024,43,CBR,VIS2,20,1,Normal,0,0,13,NO,,,,
21/10/2024ALS-IB-3N,21/10/2024,43,ALS,IB-3N,20,0,Normal,0,0,16,NO,,,,
21/10/2024ALS-IB-6,21/10/2024,43,ALS,IB-6,22,5,Normal,5,"2,930,000.00",63,SI,,,,
21/10/2024MTA-ATT2,21/10/2024,43,MTA,ATT2,46,7,Normal,1,"3,620,000.00",8,SI,,,,
21/10/2024NOV-AMA,21/10/2024,43,NOV,AMA,6,0,Normal,0,0,3,NO,,,,
21/10/2024NOV-AMD,21/10/2024,43,NOV,AMD,5,0,Normal,1,"4,275,000.00",3,SI,,,,
21/10/2024RAL-L-TS3,21/10/2024,43,RAL,L-TS3,22,3,Normal,1,"1,620,000.00",4,SI,,,,
21/10/2024RAL-L-VAL,21/10/2024,43,RAL,L-VAL,0,0,Normal,0,0,0,NO,,,,
21/10/2024LFA-CU-8,21/10/2024,43,LFA,CU-8,15,12,Normal,9,"1,115,000.00",4,SI,,,,
21/10/2024LFA-K7,21/10/2024,43,LFA,K7,15,1,Normal,0,0,0,NO,,,,
21/10/2024LFA-MS8,21/10/2024,43,LFA,MS8,0,0,Normal,0,0,0,NO,,,,
21/10/2024LFA-K3-7,21/10/2024,43,LFA,K3-7,7,0,Normal,1,"1,227,000.00",0,SI,,,,
21/10/2024SPA-K3-7,21/10/2024,43,SPA,K3-7,47,11,Normal,9,"1,255,000.00",5,SI,,,,
21/10/2024SPA-K7,21/10/2024,43,SPA,K7,0,1,Normal,1,"1,530,000.00",0,SI,,,,
21/10/2024SPA-CU-8,21/10/2024,43,SPA,CU-8,0,0,Normal,0,0,0,NO,,,,
21/10/2024SPA-PRO2,21/10/2024,43,SPA,PRO2,40,0,Normal,0,0,3,NO,,,,
21/10/2024STA-AL8,21/10/2024,43,STA,AL8,0,1,Normal,0,0,38,NO,,,,
21/10/2024STA-LI3,21/10/2024,43,STA,LI3,7,3,Normal,2,"626,450.00",65,SI,,,,
21/10/2024STA-MS-7,21/10/2024,43,STA,MS-7,0,0,Normal,0,0,0,NO,,,,
28/10/2024CBR-BR2,28/10/2024,44,CBR,BR2,15,0,Normal,0,0,6,NO,,,,
28/10/2024CBR-COR3,28/10/2024,44,CBR,COR3,6,0,Normal,0,0,1,NO,,,,
28/10/2024CBR-VIS2,28/10/2024,44,CBR,VIS2,20,3,Normal,2,"2,785,000.00",11,SI,,,,
28/10/2024ALS-IB-3N,28/10/2024,44,ALS,IB-3N,18,1,Normal,0,0,16,NO,,,,
28/10/2024ALS-IB-6,28/10/2024,44,ALS,IB-6,20,6,Normal,0,0,63,NO,,,,
28/10/2024MTA-ATT2,28/10/2024,44,MTA,ATT2,56,4,Normal,1,"3,635,000.00",9,SI,,,,
28/10/2024NOV-AMA,28/10/2024,44,NOV,AMA,4,3,Normal,1,"4,215,000.00",4,SI,,,,
28/10/2024NOV-AMD,28/10/2024,44,NOV,AMD,4,3,Normal,0,0,2,NO,,,,
28/10/2024RAL-L-TS3,28/10/2024,44,RAL,L-TS3,26,2,Normal,0,0,4,NO,,,,
28/10/2024RAL-L-VAL,28/10/2024,44,RAL,L-VAL,0,1,Normal,0,0,0,NO,,,,
28/10/2024LFA-CU-8,28/10/2024,44,LFA,CU-8,10,8,Normal,4,"1,125,000.00",11,SI,,,,
28/10/2024LFA-K7,28/10/2024,44,LFA,K7,10,0,Normal,0,0,0,NO,,,,
28/10/2024LFA-MS8,28/10/2024,44,LFA,MS8,0,2,Normal,0,0,0,NO,,,,
28/10/2024LFA-K3-7,28/10/2024,44,LFA,K3-7,5,3,Normal,0,0,8,NO,,,,
28/10/2024SPA-K3-7,28/10/2024,44,SPA,K3-7,50,11,Normal,2,"1,255,000.00",3,SI,,,,
28/10/2024SPA-K7,28/10/2024,44,SPA,K7,0,0,Normal,0,0,1,NO,,,,
28/10/2024SPA-CU-8,28/10/2024,44,SPA,CU-8,0,0,Normal,0,0,0,NO,,,,
28/10/2024SPA-PRO2,28/10/2024,44,SPA,PRO2,26,0,Normal,0,0,3,NO,,,,
28/10/2024STA-AL8,28/10/2024,44,STA,AL8,0,2,Normal,0,0,38,NO,,,,
28/10/2024STA-LI3,28/10/2024,44,STA,LI3,18,2,Normal,1,"626,450.00",65,SI,,,,
28/10/2024STA-MS-7,28/10/2024,44,STA,MS-7,0,0,Normal,0,0,0,NO,,,,
04/11/2024CBR-BR2,04/11/2024,45,CBR,BR2,10,3,Normal,1,"2,980,000.00",5,SI,,,,
04/11/2024CBR-COR3,04/11/2024,45,CBR,COR3,9,1,Normal,1,"2,780,000.00",0,SI,,,,
04/11/2024CBR-VIS2,04/11/2024,45,CBR,VIS2,20,3,Normal,2,"2,785,000.00",9,SI,,,,
04/11/2024ALS-IB-3N,04/11/2024,45,ALS,IB-3N,10,0,Normal,0,0,16,NO,,,,
04/11/2024ALS-IB-6,04/11/2024,45,ALS,IB-6,17,5,Normal,1,"2,930,000.00",63,SI,,,,
04/11/2024MTA-ATT2,04/11/2024,45,MTA,ATT2,59,4,Normal,0,0,9,NO,,,,
04/11/2024NOV-AMA,04/11/2024,45,NOV,AMA,4,3,Normal,1,"4,240,000.00",3,SI,,,,
04/11/2024NOV-AMD,04/11/2024,45,NOV,AMD,3,1,Normal,1,"4,285,000.00",2,SI,,,,
04/11/2024RAL-L-TS3,04/11/2024,45,RAL,L-TS3,26,5,Normal,4,"1,630,000.00",1,SI,,,,
04/11/2024RAL-L-VAL,04/11/2024,45,RAL,L-VAL,0,0,Normal,0,0,0,NO,,,,
04/11/2024LFA-CU-8,04/11/2024,45,LFA,CU-8,10,14,Normal,5,"1,125,000.00",9,SI,,,,
04/11/2024LFA-K7,04/11/2024,45,LFA,K7,20,0,Normal,0,0,0,NO,,,,
04/11/2024LFA-MS8,04/11/2024,45,LFA,MS8,0,0,Normal,0,0,0,NO,,,,
04/11/2024LFA-K3-7,04/11/2024,45,LFA,K3-7,4,7,Normal,8,"1,227,000.00",1,SI,,,,
04/11/2024SPA-K3-7,04/11/2024,45,SPA,K3-7,50,8,Normal,6,"1,255,000.00",9,SI,,,,
04/11/2024SPA-K7,04/11/2024,45,SPA,K7,0,1,Normal,1,"1,530,000.00",2,SI,,,,
04/11/2024SPA-CU-8,04/11/2024,45,SPA,CU-8,0,0,Normal,0,0,0,NO,,,,
04/11/2024SPA-PRO2,04/11/2024,45,SPA,PRO2,44,0,Normal,0,0,3,NO,,,,
04/11/2024STA-AL8,04/11/2024,45,STA,AL8,0,0,Normal,0,0,38,NO,,,,
04/11/2024STA-LI3,04/11/2024,45,STA,LI3,11,0,Normal,0,0,65,NO,,,,
04/11/2024STA-MS-7,04/11/2024,45,STA,MS-7,0,0,Normal,0,0,0,NO,,,,
11/11/2024CBR-BR2,11/11/2024,46,CBR,BR2,10,0,Normal,0,0,5,NO,,,,
11/11/2024CBR-COR3,11/11/2024,46,CBR,COR3,3,0,Normal,0,0,0,NO,,,,
11/11/2024CBR-VIS2,11/11/2024,46,CBR,VIS2,20,1,Normal,0,0,8,NO,,,,
11/11/2024ALS-IB-3N,11/11/2024,46,ALS,IB-3N,15,0,Normal,0,0,16,NO,,,,
11/11/2024ALS-IB-6,11/11/2024,46,ALS,IB-6,17,2,Normal,5,"2,930,000.00",63,SI,,,,
11/11/2024MTA-ATT2,11/11/2024,46,MTA,ATT2,50,0,Normal,0,0,9,NO,,,,
11/11/2024NOV-AMA,11/11/2024,46,NOV,AMA,5,0,Normal,0,0,3,NO,,,,
11/11/2024NOV-AMD,11/11/2024,46,NOV,AMD,3,2,Normal,0,0,2,NO,,,,
11/11/2024RAL-L-TS3,11/11/2024,46,RAL,L-TS3,31,5,Normal,1,"1,630,000.00",0,SI,,,,
11/11/2024RAL-L-VAL,11/11/2024,46,RAL,L-VAL,0,0,Normal,0,0,0,NO,,,,
11/11/2024LFA-CU-8,11/11/2024,46,LFA,CU-8,10,5,Normal,5,"1,135,000.00",15,SI,,,,
11/11/2024LFA-K7,11/11/2024,46,LFA,K7,20,0,Normal,0,0,6,NO,,,,
11/11/2024LFA-MS8,11/11/2024,46,LFA,MS8,0,2,Normal,0,0,0,NO,,,,
11/11/2024LFA-K3-7,11/11/2024,46,LFA,K3-7,2,4,Normal,1,"1,227,000.00",8,SI,,,,
11/11/2024SPA-K3-7,11/11/2024,46,SPA,K3-7,0,10,Normal,5,"1,255,000.00",14,SI,,,,
11/11/2024SPA-K7,11/11/2024,46,SPA,K7,15,1,Normal,1,"1,530,000.00",4,SI,,,,
11/11/2024SPA-CU-8,11/11/2024,46,SPA,CU-8,0,0,Normal,0,0,0,NO,,,,
11/11/2024SPA-PRO2,11/11/2024,46,SPA,PRO2,50,1,Normal,0,0,2,NO,,,,
11/11/2024STA-AL8,11/11/2024,46,STA,AL8,0,0,Normal,0,0,38,NO,,,,
11/11/2024STA-LI3,11/11/2024,46,STA,LI3,29,0,Normal,0,0,65,NO,,,,
11/11/2024STA-MS-7,11/11/2024,46,STA,MS-7,0,0,Normal,0,0,0,NO,,,,
18/11/2024CBR-BR2,18/11/2024,47,CBR,BR2,10,1,Normal,0,0,6,NO,,,,
18/11/2024CBR-COR3,18/11/2024,47,CBR,COR3,4,0,Normal,0,0,0,NO,,,,
18/11/2024CBR-VIS2,18/11/2024,47,CBR,VIS2,20,2,Normal,1,"2,785,000.00",7,SI,,,,
18/11/2024ALS-IB-3N,18/11/2024,47,ALS,IB-3N,11,0,Normal,0,0,16,NO,,,,
18/11/2024ALS-IB-6,18/11/2024,47,ALS,IB-6,21,5,Normal,3,"2,930,000.00",63,SI,,,,
18/11/2024MTA-ATT2,18/11/2024,47,MTA,ATT2,50,0,Normal,0,0,9,NO,,,,
18/11/2024NOV-AMA,18/11/2024,47,NOV,AMA,5,1,Normal,0,0,3,NO,,,,
18/11/2024NOV-AMD,18/11/2024,47,NOV,AMD,4,2,Normal,0,0,1,NO,,,,
18/11/2024RAL-L-TS3,18/11/2024,47,RAL,L-TS3,16,0,Normal,0,0,0,NO,,,,
18/11/2024RAL-L-VAL,18/11/2024,47,RAL,L-VAL,0,0,Normal,0,0,0,NO,,,,
18/11/2024LFA-CU-8,18/11/2024,47,LFA,CU-8,10,4,Normal,3,"1,135,000.00",14,SI,,,,
18/11/2024LFA-K7,18/11/2024,47,LFA,K7,20,0,Normal,1,"1,360,000.00",5,SI,,,,
18/11/2024LFA-MS8,18/11/2024,47,LFA,MS8,0,0,Normal,0,0,0,NO,,,,
18/11/2024LFA-K3-7,18/11/2024,47,LFA,K3-7,5,5,Normal,1,"1,227,000.00",7,SI,,,,
18/11/2024SPA-K3-7,18/11/2024,47,SPA,K3-7,0,9,Normal,5,"1,255,000.00",12,SI,,,,
18/11/2024SPA-K7,18/11/2024,47,SPA,K7,20,1,Normal,0,0,6,NO,,,,
18/11/2024SPA-CU-8,18/11/2024,47,SPA,CU-8,0,0,Normal,0,0,0,NO,,,,
18/11/2024SPA-PRO2,18/11/2024,47,SPA,PRO2,57,1,Normal,0,0,2,NO,,,,
18/11/2024STA-AL8,18/11/2024,47,STA,AL8,0,0,Normal,0,0,38,NO,,,,
18/11/2024STA-LI3,18/11/2024,47,STA,LI3,23,0,Normal,0,0,65,NO,,,,
18/11/2024STA-MS-7,18/11/2024,47,STA,MS-7,0,0,Normal,0,0,0,NO,,,,
25/11/2024CBR-BR2,25/11/2024,48,CBR,BR2,20,4,Normal,1,"2,980,000.00",6,SI,,,,
25/11/2024CBR-COR3,25/11/2024,48,CBR,COR3,6,0,Normal,0,0,0,NO,,,,
25/11/2024CBR-VIS2,25/11/2024,48,CBR,VIS2,15,1,Normal,0,0,8,NO,,,,
25/11/2024ALS-IB-3N,25/11/2024,48,ALS,IB-3N,20,0,Normal,0,0,16,NO,,,,
25/11/2024ALS-IB-6,25/11/2024,48,ALS,IB-6,20,4,Normal,0,0,63,NO,,,,
25/11/2024MTA-ATT2,25/11/2024,48,MTA,ATT2,46,3,Normal,0,0,21,NO,,,,
25/11/2024NOV-AMA,25/11/2024,48,NOV,AMA,7,2,Normal,0,0,4,NO,,,,
25/11/2024NOV-AMD,25/11/2024,48,NOV,AMD,7,2,Normal,1,"4,285,000.00",0,SI,,,,
25/11/2024RAL-L-TS3,25/11/2024,48,RAL,L-TS3,1,0,Normal,0,0,0,NO,,,,
25/11/2024RAL-L-VAL,25/11/2024,48,RAL,L-VAL,0,0,Normal,0,0,0,NO,,,,
25/11/2024LFA-CU-8,25/11/2024,48,LFA,CU-8,10,5,Normal,3,"1,145,000.00",12,SI,,,,
25/11/2024LFA-K7,25/11/2024,48,LFA,K7,10,1,Normal,1,"1,360,000.00",4,SI,,,,
25/11/2024LFA-MS8,25/11/2024,48,LFA,MS8,0,2,Normal,0,0,0,NO,,,,
25/11/2024LFA-K3-7,25/11/2024,48,LFA,K3-7,10,5,Normal,3,"1,227,000.00",4,SI,,,,
25/11/2024SPA-K3-7,25/11/2024,48,SPA,K3-7,0,5,Normal,3,"1,255,000.00",9,SI,,,,
25/11/2024SPA-K7,25/11/2024,48,SPA,K7,17,3,Normal,0,0,9,NO,,,,
25/11/2024SPA-CU-8,25/11/2024,48,SPA,CU-8,0,0,Normal,0,0,0,NO,,,,
25/11/2024SPA-PRO2,25/11/2024,48,SPA,PRO2,40,1,Normal,0,0,1,NO,,,,
25/11/2024STA-AL8,25/11/2024,48,STA,AL8,0,0,Normal,0,0,38,NO,,,,
25/11/2024STA-LI3,25/11/2024,48,STA,LI3,9,1,Normal,0,0,65,NO,,,,
25/11/2024STA-MS-7,25/11/2024,48,STA,MS-7,0,0,Normal,0,0,0,NO,,,,
02/12/2024CBR-BR2,02/12/2024,49,CBR,BR2,20,0,Normal,0,0,6,NO,,,,
02/12/2024CBR-COR3,02/12/2024,49,CBR,COR3,11,0,Normal,0,0,0,NO,,,,
02/12/2024CBR-VIS2,02/12/2024,49,CBR,VIS2,10,1,Normal,1,"2,785,000.00",8,SI,,,,
02/12/2024ALS-IB-3N,02/12/2024,49,ALS,IB-3N,15,0,Normal,0,0,16,NO,,,,
02/12/2024ALS-IB-6,02/12/2024,49,ALS,IB-6,19,2,Normal,2,"2,930,000.00",63,SI,,,,
02/12/2024MTA-ATT2,02/12/2024,49,MTA,ATT2,32,2,Normal,1,"3,655,000.00",21,SI,,,,
02/12/2024NOV-AMA,02/12/2024,49,NOV,AMA,10,1,Normal,0,0,4,NO,,,,
02/12/2024NOV-AMD,02/12/2024,49,NOV,AMD,9,4,Normal,1,"4,285,000.00",0,SI,,,,
02/12/2024RAL-L-TS3,02/12/2024,49,RAL,L-TS3,1,0,Normal,0,0,0,NO,,,,
02/12/2024RAL-L-VAL,02/12/2024,49,RAL,L-VAL,0,0,Normal,0,0,0,NO,,,,
02/12/2024LFA-CU-8,02/12/2024,49,LFA,CU-8,10,5,Normal,2,"1,145,000.00",12,SI,,,,
02/12/2024LFA-K7,02/12/2024,49,LFA,K7,10,1,Normal,0,0,4,NO,,,,
02/12/2024LFA-MS8,02/12/2024,49,LFA,MS8,0,0,Normal,0,0,0,NO,,,,
02/12/2024LFA-K3-7,02/12/2024,49,LFA,K3-7,5,1,Normal,1,"1,227,000.00",4,SI,,,,
02/12/2024SPA-K3-7,02/12/2024,49,SPA,K3-7,2,5,Normal,3,"1,255,000.00",9,SI,,,,
02/12/2024SPA-K7,02/12/2024,49,SPA,K7,20,2,Normal,2,"1,530,000.00",7,SI,,,,
02/12/2024SPA-CU-8,02/12/2024,49,SPA,CU-8,0,0,Normal,0,0,0,NO,,,,
02/12/2024SPA-PRO2,02/12/2024,49,SPA,PRO2,30,1,Normal,0,0,1,NO,,,,
02/12/2024STA-AL8,02/12/2024,49,STA,AL8,0,0,Normal,0,0,38,NO,,,,
02/12/2024STA-LI3,02/12/2024,49,STA,LI3,4,0,Normal,1,"626,450.00",64,SI,,,,
02/12/2024STA-MS-7,02/12/2024,49,STA,MS-7,0,0,Normal,0,0,0,NO,,,,
09/12/2024CBR-BR2,09/12/2024,50,CBR,BR2,10,1,Normal,0,0,10,NO,,,,
09/12/2024CBR-COR3,09/12/2024,50,CBR,COR3,1,0,Normal,0,0,6,NO,,,,
09/12/2024CBR-VIS2,09/12/2024,50,CBR,VIS2,9,2,Normal,0,0,8,NO,,,,
09/12/2024ALS-IB-3N,09/12/2024,50,ALS,IB-3N,15,0,Normal,0,0,16,NO,,,,
09/12/2024ALS-IB-6,09/12/2024,50,ALS,IB-6,15,1,Normal,0,0,63,NO,,,,
09/12/2024MTA-ATT2,09/12/2024,50,MTA,ATT2,41,3,Normal,1,"3,735,000.00",19,SI,,,,
09/12/2024NOV-AMA,09/12/2024,50,NOV,AMA,11,2,Normal,1,"4,240,000.00",3,SI,,,,
09/12/2024NOV-AMD,09/12/2024,50,NOV,AMD,9,0,Normal,0,0,0,NO,,,,
09/12/2024RAL-L-TS3,09/12/2024,50,RAL,L-TS3,1,0,Normal,0,0,0,NO,,,,
09/12/2024RAL-L-VAL,09/12/2024,50,RAL,L-VAL,0,0,Normal,0,0,0,NO,,,,
09/12/2024LFA-CU-8,09/12/2024,50,LFA,CU-8,8,5,Normal,5,"1,145,000.00",12,SI,,,,
09/12/2024LFA-K7,09/12/2024,50,LFA,K7,8,0,Normal,0,0,3,NO,,,,
09/12/2024LFA-MS8,09/12/2024,50,LFA,MS8,0,0,Normal,0,0,0,NO,,,,
09/12/2024LFA-K3-7,09/12/2024,50,LFA,K3-7,5,3,Normal,0,0,4,NO,,,,
09/12/2024SPA-K3-7,09/12/2024,50,SPA,K3-7,23,5,Normal,4,"1,255,000.00",8,SI,,,,
09/12/2024SPA-K7,09/12/2024,50,SPA,K7,0,0,Normal,0,0,6,NO,,,,
09/12/2024SPA-CU-8,09/12/2024,50,SPA,CU-8,0,0,Normal,0,0,0,NO,,,,
09/12/2024SPA-PRO2,09/12/2024,50,SPA,PRO2,20,0,Normal,0,0,2,NO,,,,
09/12/2024STA-AL8,09/12/2024,50,STA,AL8,0,0,Normal,0,0,38,NO,,,,
09/12/2024STA-LI3,09/12/2024,50,STA,LI3,3,0,Normal,0,0,63,NO,,,,
09/12/2024STA-MS-7,09/12/2024,50,STA,MS-7,0,0,Normal,0,0,0,NO,,,,
16/12/2024CBR-BR2,16/12/2024,51,CBR,BR2,15,2,Normal,0,0,10,NO,,,,
16/12/2024CBR-COR3,16/12/2024,51,CBR,COR3,2,0,Normal,0,0,6,NO,,,,
16/12/2024CBR-VIS2,16/12/2024,51,CBR,VIS2,15,2,Normal,0,0,8,NO,,,,
16/12/2024ALS-IB-3N,16/12/2024,51,ALS,IB-3N,13,0,Normal,0,0,16,NO,,,,
16/12/2024ALS-IB-6,16/12/2024,51,ALS,IB-6,20,5,Normal,2,"2,930,000.00",63,SI,,,,
16/12/2024MTA-ATT2,16/12/2024,51,MTA,ATT2,42,0,Normal,0,0,19,NO,,,,
16/12/2024NOV-AMA,16/12/2024,51,NOV,AMA,8,1,Normal,0,0,3,NO,,,,
16/12/2024NOV-AMD,16/12/2024,51,NOV,AMD,8,1,Normal,1,"4,285,000.00",0,SI,,,,
16/12/2024RAL-L-TS3,16/12/2024,51,RAL,L-TS3,0,0,Normal,0,0,0,NO,,,,
16/12/2024RAL-L-VAL,16/12/2024,51,RAL,L-VAL,0,0,Normal,0,0,0,NO,,,,
16/12/2024LFA-CU-8,16/12/2024,51,LFA,CU-8,14,2,Normal,0,0,12,NO,,,,
16/12/2024LFA-K7,16/12/2024,51,LFA,K7,0,0,Normal,0,0,3,NO,,,,
16/12/2024LFA-MS8,16/12/2024,51,LFA,MS8,0,0,Normal,0,0,0,NO,,,,
16/12/2024LFA-K3-7,16/12/2024,51,LFA,K3-7,10,0,Normal,0,0,4,NO,,,,
16/12/2024SPA-K3-7,16/12/2024,51,SPA,K3-7,30,3,Normal,1,"1,560,000.00",8,SI,,,,
16/12/2024SPA-K7,16/12/2024,51,SPA,K7,10,1,Normal,0,0,6,NO,,,,
16/12/2024SPA-CU-8,16/12/2024,51,SPA,CU-8,0,0,Normal,0,0,0,NO,,,,
16/12/2024SPA-PRO2,16/12/2024,51,SPA,PRO2,20,0,Normal,0,0,2,NO,,,,
16/12/2024STA-AL8,16/12/2024,51,STA,AL8,0,0,Normal,0,0,38,NO,,,,
16/12/2024STA-LI3,16/12/2024,51,STA,LI3,11,0,Normal,0,0,63,NO,,,,
16/12/2024STA-MS-7,16/12/2024,51,STA,MS-7,0,0,Normal,0,0,0,NO,,,,
23/12/2024CBR-BR2,23/12/2024,52,CBR,BR2,20,0,Normal,0,0,9,NO,,,,
23/12/2024CBR-COR3,23/12/2024,52,CBR,COR3,4,1,Normal,0,0,5,NO,,,,
23/12/2024CBR-VIS2,23/12/2024,52,CBR,VIS2,10,2,Normal,2,"2,865,000.00",6,SI,,,,
23/12/2024ALS-IB-3N,23/12/2024,52,ALS,IB-3N,15,0,Normal,0,0,16,NO,,,,
23/12/2024ALS-IB-6,23/12/2024,52,ALS,IB-6,19,2,Normal,1,"2,930,000.00",63,SI,,,,
23/12/2024MTA-ATT2,23/12/2024,52,MTA,ATT2,62,1,Normal,0,0,20,NO,,,,
23/12/2024NOV-AMA,23/12/2024,52,NOV,AMA,15,4,Normal,1,"4,240,000.00",2,SI,,,,
23/12/2024NOV-AMD,23/12/2024,52,NOV,AMD,11,0,Normal,0,0,1,NO,,,,
23/12/2024RAL-L-TS3,23/12/2024,52,RAL,L-TS3,2,0,Normal,0,0,0,NO,,,,
23/12/2024RAL-L-VAL,23/12/2024,52,RAL,L-VAL,0,0,Normal,0,0,0,NO,,,,
23/12/2024LFA-CU-8,23/12/2024,52,LFA,CU-8,10,1,Normal,1,"1,175,000.00",32,SI,,,,
23/12/2024LFA-K7,23/12/2024,52,LFA,K7,5,0,Normal,0,0,5,NO,,,,
23/12/2024LFA-MS8,23/12/2024,52,LFA,MS8,0,1,Normal,0,0,0,NO,,,,
23/12/2024LFA-K3-7,23/12/2024,52,LFA,K3-7,5,2,Normal,1,"1,257,000.00",12,SI,,,,
23/12/2024SPA-K3-7,23/12/2024,52,SPA,K3-7,30,6,Normal,5,"1,285,000.00",13,SI,,,,
23/12/2024SPA-K7,23/12/2024,52,SPA,K7,10,1,Normal,1,"1,560,000.00",9,SI,,,,
23/12/2024SPA-CU-8,23/12/2024,52,SPA,CU-8,0,0,Normal,0,0,0,NO,,,,
23/12/2024SPA-PRO2,23/12/2024,52,SPA,PRO2,18,0,Normal,0,0,2,NO,,,,
23/12/2024STA-AL8,23/12/2024,52,STA,AL8,0,0,Normal,0,0,38,NO,,,,
23/12/2024STA-LI3,23/12/2024,52,STA,LI3,5,0,Normal,0,0,63,NO,,,,
23/12/2024STA-MS-7,23/12/2024,52,STA,MS-7,0,0,Normal,0,0,0,NO,,,,
30/12/2024CBR-BR2,30/12/2024,1,CBR,BR2,25,0,Normal,0,0,17,NO,,,,
30/12/2024CBR-COR3,30/12/2024,1,CBR,COR3,7,2,Normal,1,"2,860,000.00",28,SI,,,,
30/12/2024CBR-VIS2,30/12/2024,1,CBR,VIS2,20,1,Normal,0,0,45,NO,,,,
30/12/2024ALS-IB-3N,30/12/2024,1,ALS,IB-3N,30,1,Normal,0,0,16,NO,,,,
30/12/2024ALS-IB-6,30/12/2024,1,ALS,IB-6,31,2,Normal,2,"2,930,000.00",63,SI,,,,
30/12/2024MTA-ATT2,30/12/2024,1,MTA,ATT2,92,0,Normal,0,0,53,NO,,,,
30/12/2024NOV-AMA,30/12/2024,1,NOV,AMA,24,1,Normal,0,0,2,NO,,,,
30/12/2024NOV-AMD,30/12/2024,1,NOV,AMD,10,0,Normal,0,0,1,NO,,,,
30/12/2024RAL-L-TS3,30/12/2024,1,RAL,L-TS3,1,0,Normal,0,0,0,NO,,,,
30/12/2024RAL-L-VAL,30/12/2024,1,RAL,L-VAL,0,0,Normal,0,0,0,NO,,,,
30/12/2024LFA-CU-8,30/12/2024,1,LFA,CU-8,20,7,Normal,4,"1,175,000.00",29,SI,,,,
30/12/2024LFA-K7,30/12/2024,1,LFA,K7,6,2,Normal,0,0,4,NO,,,,
30/12/2024LFA-MS8,30/12/2024,1,LFA,MS8,0,0,Normal,0,0,0,NO,,,,
30/12/2024LFA-K3-7,30/12/2024,1,LFA,K3-7,15,2,Normal,1,"1,257,000.00",11,SI,,,,
30/12/2024SPA-K3-7,30/12/2024,1,SPA,K3-7,70,9,Normal,5,"1,285,000.00",65,SI,,,,
30/12/2024SPA-K7,30/12/2024,1,SPA,K7,20,0,Normal,0,0,30,NO,,,,
30/12/2024SPA-CU-8,30/12/2024,1,SPA,CU-8,0,0,Normal,0,0,0,NO,,,,
30/12/2024SPA-PRO2,30/12/2024,1,SPA,PRO2,19,0,Normal,0,0,11,NO,,,,
30/12/2024STA-AL8,30/12/2024,1,STA,AL8,0,0,Normal,0,0,38,NO,,,,
30/12/2024STA-LI3,30/12/2024,1,STA,LI3,11,0,Normal,0,0,63,NO,,,,
30/12/2024STA-MS-7,30/12/2024,1,STA,MS-7,0,0,Normal,0,0,0,NO,,,,
06/01/2025CBR-BR2,06/01/2025,2,CBR,BR2,25,1,Normal,0,0,17,NO,,,,
06/01/2025CBR-COR3,06/01/2025,2,CBR,COR3,7,0,Normal,0,0,28,NO,,,,
06/01/2025CBR-VIS2,06/01/2025,2,CBR,VIS2,25,5,Normal,1,"2,865,000.00",44,SI,,,,
06/01/2025ALS-IB-3N,06/01/2025,2,ALS,IB-3N,20,1,Normal,1,"3,530,000.00",16,SI,,,,
06/01/2025ALS-IB-6,06/01/2025,2,ALS,IB-6,27,4,Normal,1,"2,930,000.00",63,SI,,,,
06/01/2025MTA-ATT2,06/01/2025,2,MTA,ATT2,62,4,Normal,0,0,52,NO,,,,
06/01/2025NOV-AMA,06/01/2025,2,NOV,AMA,20,3,Normal,0,0,2,NO,,,,
06/01/2025NOV-AMD,06/01/2025,2,NOV,AMD,15,1,Normal,0,0,1,NO,,,,
06/01/2025RAL-L-TS3,06/01/2025,2,RAL,L-TS3,0,0,Normal,0,0,0,NO,,,,
06/01/2025RAL-L-VAL,06/01/2025,2,RAL,L-VAL,0,0,Normal,0,0,0,NO,,,,
06/01/2025LFA-CU-8,06/01/2025,2,LFA,CU-8,25,11,Normal,5,"1,175,000.00",23,SI,,,,
06/01/2025LFA-K7,06/01/2025,2,LFA,K7,9,4,Normal,1,"1,390,000.00",2,SI,,,,
06/01/2025LFA-MS8,06/01/2025,2,LFA,MS8,0,0,Normal,0,0,0,NO,,,,
06/01/2025LFA-K3-7,06/01/2025,2,LFA,K3-7,25,5,Normal,5,"1,257,000.00",5,SI,,,,
06/01/2025SPA-K3-7,06/01/2025,2,SPA,K3-7,40,7,Normal,2,"1,285,000.00",65,SI,,,,
06/01/2025SPA-K7,06/01/2025,2,SPA,K7,17,1,Normal,0,0,30,NO,,,,
06/01/2025SPA-CU-8,06/01/2025,2,SPA,CU-8,0,0,Normal,0,0,0,NO,,,,
06/01/2025SPA-PRO2,06/01/2025,2,SPA,PRO2,30,0,Normal,0,0,11,NO,,,,
06/01/2025STA-AL8,06/01/2025,2,STA,AL8,0,0,Normal,0,0,38,NO,,,,
06/01/2025STA-LI3,06/01/2025,2,STA,LI3,10,0,Normal,0,0,63,NO,,,,
06/01/2025STA-MS-7,06/01/2025,2,STA,MS-7,0,0,Normal,0,0,0,NO,,,,
13/01/2025CBR-BR2,13/01/2025,3,CBR,BR2,25,3,Normal,3,"3,060,000.00",12,SI,,,,
13/01/2025CBR-COR3,13/01/2025,3,CBR,COR3,11,3,Normal,3,"2,860,000.00",16,SI,,,,
13/01/2025CBR-VIS2,13/01/2025,3,CBR,VIS2,25,0,Normal,1,"2,865,000.00",40,SI,,,,
13/01/2025ALS-IB-3N,13/01/2025,3,ALS,IB-3N,25,1,Normal,0,0,16,NO,,,,
13/01/2025ALS-IB-6,13/01/2025,3,ALS,IB-6,30,3,Normal,0,0,63,NO,,,,
13/01/2025MTA-ATT2,13/01/2025,3,MTA,ATT2,56,2,Normal,1,"3,735,000.00",52,SI,,,,
13/01/2025NOV-AMA,13/01/2025,3,NOV,AMA,6,2,Normal,0,0,2,NO,,,,
13/01/2025NOV-AMD,13/01/2025,3,NOV,AMD,7,0,Normal,0,0,1,NO,,,,
13/01/2025RAL-L-TS3,13/01/2025,3,RAL,L-TS3,1,0,Normal,0,0,0,NO,,,,
13/01/2025RAL-L-VAL,13/01/2025,3,RAL,L-VAL,0,0,Normal,0,0,0,NO,,,,
13/01/2025LFA-CU-8,13/01/2025,3,LFA,CU-8,25,8,Normal,3,"1,175,000.00",21,SI,,,,
13/01/2025LFA-K7,13/01/2025,3,LFA,K7,11,1,Normal,1,"1,390,000.00",1,SI,,,,
13/01/2025LFA-MS8,13/01/2025,3,LFA,MS8,0,0,Normal,0,0,0,NO,,,,
13/01/2025LFA-K3-7,13/01/2025,3,LFA,K3-7,20,3,Normal,4,"1,277,000.00",1,SI,,,,
13/01/2025SPA-K3-7,13/01/2025,3,SPA,K3-7,70,15,Normal,7,"1,285,000.00",60,SI,,,,
13/01/2025SPA-K7,13/01/2025,3,SPA,K7,10,1,Normal,0,0,29,NO,,,,
13/01/2025SPA-CU-8,13/01/2025,3,SPA,CU-8,0,0,Normal,0,0,0,NO,,,,
13/01/2025SPA-PRO2,13/01/2025,3,SPA,PRO2,23,0,Normal,0,0,11,NO,,,,
13/01/2025STA-AL8,13/01/2025,3,STA,AL8,0,0,Normal,0,0,35,NO,,,,
13/01/2025STA-LI3,13/01/2025,3,STA,LI3,15,0,Normal,0,0,63,NO,,,,
13/01/2025STA-MS-7,13/01/2025,3,STA,MS-7,0,0,Normal,0,0,0,NO,,,,
20/01/2025CBR-BR2,20/01/2025,4,CBR,BR2,20,0,Normal,0,0,12,NO,,,,
20/01/2025CBR-COR3,20/01/2025,4,CBR,COR3,12,3,Normal,1,"2,860,000.00",16,SI,,,,
20/01/2025CBR-VIS2,20/01/2025,4,CBR,VIS2,30,2,Normal,1,"2,865,000.00",39,SI,,,,
20/01/2025ALS-IB-3N,20/01/2025,4,ALS,IB-3N,25,1,Normal,0,0,16,NO,,,,
20/01/2025ALS-IB-6,20/01/2025,4,ALS,IB-6,27,2,Normal,1,"3,010,000.00",63,SI,,,,
20/01/2025MTA-ATT2,20/01/2025,4,MTA,ATT2,76,2,Normal,1,"3,735,000.00",52,SI,,,,
20/01/2025NOV-AMA,20/01/2025,4,NOV,AMA,3,1,Normal,1,"4,240,000.00",2,SI,,,,
20/01/2025NOV-AMD,20/01/2025,4,NOV,AMD,3,0,Normal,0,0,1,NO,,,,
20/01/2025RAL-L-TS3,20/01/2025,4,RAL,L-TS3,1,0,Normal,0,0,0,NO,,,,
20/01/2025RAL-L-VAL,20/01/2025,4,RAL,L-VAL,0,0,Normal,0,0,0,NO,,,,
20/01/2025LFA-CU-8,20/01/2025,4,LFA,CU-8,30,8,Normal,3,"1,175,000.00",21,SI,,,,
20/01/2025LFA-K7,20/01/2025,4,LFA,K7,4,0,Normal,0,0,2,NO,,,,
20/01/2025LFA-MS8,20/01/2025,4,LFA,MS8,0,0,Normal,0,0,0,NO,,,,
20/01/2025LFA-K3-7,20/01/2025,4,LFA,K3-7,25,6,Normal,1,"1,277,000.00",3,SI,,,,
20/01/2025SPA-K3-7,20/01/2025,4,SPA,K3-7,45,12,Normal,9,"1,325,000.00",49,SI,,,,
20/01/2025SPA-K7,20/01/2025,4,SPA,K7,55,0,Normal,0,0,29,NO,,,,
20/01/2025SPA-CU-8,20/01/2025,4,SPA,CU-8,0,0,Normal,0,0,0,NO,,,,
20/01/2025SPA-PRO2,20/01/2025,4,SPA,PRO2,17,0,Normal,0,0,11,NO,,,,
20/01/2025STA-AL8,20/01/2025,4,STA,AL8,0,0,Normal,0,0,35,NO,,,,
20/01/2025STA-LI3,20/01/2025,4,STA,LI3,7,0,Normal,0,0,63,NO,,,,
20/01/2025STA-MS-7,20/01/2025,4,STA,MS-7,0,0,Normal,0,0,0,NO,,,,
27/01/2025CBR-BR2,27/01/2025,5,CBR,BR2,20,0,Normal,0,0,13,NO,,,,
27/01/2025CBR-COR3,27/01/2025,5,CBR,COR3,10,3,Normal,0,0,17,NO,,,,
27/01/2025CBR-VIS2,27/01/2025,5,CBR,VIS2,30,2,Normal,1,"2,865,000.00",38,SI,,,,
27/01/2025ALS-IB-3N,27/01/2025,5,ALS,IB-3N,25,1,Normal,1,"3,530,000.00",14,SI,,,,
27/01/2025ALS-IB-6,27/01/2025,5,ALS,IB-6,30,9,Normal,3,"3,010,000.00",60,SI,,,,
27/01/2025MTA-ATT2,27/01/2025,5,MTA,ATT2,57,2,Normal,1,"3,735,000.00",51,SI,,,,
27/01/2025NOV-AMA,27/01/2025,5,NOV,AMA,6,0,Normal,0,0,3,NO,,,,
27/01/2025NOV-AMD,27/01/2025,5,NOV,AMD,6,0,Normal,0,0,1,NO,,,,
27/01/2025RAL-L-TS3,27/01/2025,5,RAL,L-TS3,0,0,Normal,0,0,0,NO,,,,
27/01/2025RAL-L-VAL,27/01/2025,5,RAL,L-VAL,0,0,Normal,0,0,0,NO,,,,
27/01/2025LFA-CU-8,27/01/2025,5,LFA,CU-8,33,8,Normal,4,"1,175,000.00",16,SI,,,,
27/01/2025LFA-K7,27/01/2025,5,LFA,K7,3,1,Normal,0,0,2,NO,,,,
27/01/2025LFA-MS8,27/01/2025,5,LFA,MS8,0,2,Normal,0,0,0,NO,,,,
27/01/2025LFA-K3-7,27/01/2025,5,LFA,K3-7,30,4,Normal,3,"1,277,000.00",2,SI,,,,
27/01/2025SPA-K3-7,27/01/2025,5,SPA,K3-7,50,11,Normal,7,"1,325,000.00",39,SI,,,,
27/01/2025SPA-K7,27/01/2025,5,SPA,K7,50,1,Normal,0,0,29,NO,,,,
27/01/2025SPA-CU-8,27/01/2025,5,SPA,CU-8,0,0,Normal,0,0,0,NO,,,,
27/01/2025SPA-PRO2,27/01/2025,5,SPA,PRO2,11,1,Normal,0,0,11,NO,,,,
27/01/2025STA-AL8,27/01/2025,5,STA,AL8,0,0,Normal,0,0,35,NO,,,,
27/01/2025STA-LI3,27/01/2025,5,STA,LI3,13,0,Normal,0,0,63,NO,,,,
27/01/2025STA-MS-7,27/01/2025,5,STA,MS-7,0,0,Normal,0,0,0,NO,,,,
